stop,direction,time,average,sd
WKZ,0,360,0,0.0
WKZ,0,375,0.07692307692307693,0.2773500981126146
WKZ,0,390,0,0.0
WKZ,0,405,0.27586206896551724,0.7971624553976225
WKZ,0,420,0.3,0.534983080621924
WKZ,0,435,0.5178571428571429,0.972177900453343
WKZ,0,450,1.0333333333333334,1.3272459911048724
WKZ,0,465,1.2923076923076924,1.6462369677073085
WKZ,0,480,2.142857142857143,2.905695128914012
WKZ,0,495,1.5396825396825398,1.8736319467245948
WKZ,0,510,1.34375,2.5771816155182155
WKZ,0,525,0.9830508474576272,1.420193350407744
WKZ,0,540,0.9295774647887324,1.807318010296487
WKZ,0,555,1,1.7320508075688772
WKZ,0,570,1.015625,1.6570406543469989
WKZ,0,585,0.9864864864864865,1.7865037658214817
WKZ,0,600,0.4714285714285714,0.7749974954878386
WKZ,0,615,0.8243243243243243,1.8532319647822375
WKZ,0,630,1.5217391304347827,3.2567066351479803
WKZ,0,645,2.2753623188405796,6.859694852523377
WKZ,0,660,2.26027397260274,4.419110635952147
WKZ,0,675,0.6567164179104478,0.9463204468147676
WKZ,0,690,1.3037974683544304,5.668976370268284
WKZ,0,705,1.2028985507246377,2.090452456969737
WKZ,0,720,1.7142857142857142,4.830977733819693
WKZ,0,735,2.1159420289855073,5.684178847736982
WKZ,0,750,2.4,5.9023586673327335
WKZ,0,765,1.411764705882353,2.0964454217787134
WKZ,0,780,1.1842105263157894,2.409484184444405
WKZ,0,795,1.1466666666666667,2.0381054619115946
WKZ,0,810,3.057142857142857,12.94121123543564
WKZ,0,825,1.2027027027027026,3.507251703705236
WKZ,0,840,1.2285714285714286,1.9939868196287063
WKZ,0,855,1.467741935483871,3.1295405934024196
WKZ,0,870,1,1.6196841122196093
WKZ,0,885,4.166666666666667,12.8665961223102
WKZ,0,900,2.3620689655172415,6.013721957709219
WKZ,0,915,3.8701298701298703,10.21782581847019
WKZ,0,930,3.342857142857143,7.583134823238475
WKZ,0,945,4.745762711864407,11.228954599204656
WKZ,0,960,6.232876712328767,14.54162659779122
WKZ,0,975,7.363636363636363,18.480365890451846
WKZ,0,990,11.584615384615384,20.60104086242694
WKZ,0,1005,5.652777777777778,14.418454256999581
WKZ,0,1020,10.538461538461538,21.505869055821805
WKZ,0,1035,8.327586206896552,20.880938954348892
WKZ,0,1050,7.492957746478873,20.637603155015444
WKZ,0,1065,1.9375,2.0772962173142484
WKZ,0,1080,3.257142857142857,7.1798036067801165
WKZ,0,1095,2.7714285714285714,3.781422968125299
WKZ,0,1110,2.08,2.6127890589687235
WKZ,0,1125,1.0526315789473684,1.6149882768933415
WKZ,0,1140,0.717948717948718,1.669363540059472
WKZ,0,1155,1.1578947368421053,1.4245138700910818
WKZ,0,1170,0.65,0.8750939799154206
WKZ,0,1185,1.105263157894737,1.7286711930171255
WKZ,0,1200,1.55,1.3168942730211068
WKZ,0,1215,0.6,0.7539370349250519
WKZ,0,1230,0.65,0.8750939799154206
WKZ,0,1245,0.4,1.2732056517228265
WKZ,0,1260,0.4,0.8825799501580878
WKZ,0,1275,0.4,0.5026246899500346
WKZ,1,375,0,0.0
WKZ,1,390,0,0.0
WKZ,1,405,0,0.0
WKZ,1,420,0,0.0
WKZ,1,435,0,0.0
WKZ,1,450,0,0.0
WKZ,1,465,0,0.0
WKZ,1,480,0,0.0
WKZ,1,495,0,0.0
WKZ,1,510,0,0.0
WKZ,1,525,0,0.0
WKZ,1,540,0,0.0
WKZ,1,555,0,0.0
WKZ,1,570,0,0.0
WKZ,1,585,0,0.0
WKZ,1,600,0,0.0
WKZ,1,615,0,0.0
WKZ,1,630,0,0.0
WKZ,1,645,0,0.0
WKZ,1,660,0,0.0
WKZ,1,675,0,0.0
WKZ,1,690,0,0.0
WKZ,1,705,0,0.0
WKZ,1,720,0,0.0
WKZ,1,735,0,0.0
WKZ,1,750,0,0.0
WKZ,1,765,0,0.0
WKZ,1,780,0,0.0
WKZ,1,795,0,0.0
WKZ,1,810,0,0.0
WKZ,1,825,0,0.0
WKZ,1,840,0,0.0
WKZ,1,855,0,0.0
WKZ,1,870,0,0.0
WKZ,1,885,0,0.0
WKZ,1,900,0,0.0
WKZ,1,915,0,0.0
WKZ,1,930,0,0.0
WKZ,1,945,0,0.0
WKZ,1,960,0,0.0
WKZ,1,975,0,0.0
WKZ,1,990,0,0.0
WKZ,1,1005,0,0.0
WKZ,1,1020,0,0.0
WKZ,1,1035,0,0.0
WKZ,1,1050,0,0.0
WKZ,1,1065,0,0.0
WKZ,1,1080,0,0.0
WKZ,1,1095,0,0.0
WKZ,1,1110,0,0.0
WKZ,1,1125,0,0.0
WKZ,1,1140,0,0.0
WKZ,1,1155,0,0.0
WKZ,1,1170,0,0.0
WKZ,1,1185,0,0.0
WKZ,1,1200,0,0.0
WKZ,1,1215,0,0.0
WKZ,1,1230,0,0.0
WKZ,1,1245,0,0.0
WKZ,1,1260,0,0.0
WKZ,1,1275,0,0.0
De Kromme Rijn,0,375,0.3,0.4701623459816272
De Kromme Rijn,0,390,0.17391304347826086,0.38755338788158983
De Kromme Rijn,0,405,0.34285714285714286,0.5912527648415465
De Kromme Rijn,0,420,0.5,0.6069769786668839
De Kromme Rijn,0,435,0.40816326530612246,0.5369034420847467
De Kromme Rijn,0,450,0.7368421052631579,0.9915052731916847
De Kromme Rijn,0,465,0.5857142857142857,0.8425781199382985
De Kromme Rijn,0,480,0.40625,0.7911966023006314
De Kromme Rijn,0,495,0.4838709677419355,0.7408885999284684
De Kromme Rijn,0,510,0.5909090909090909,0.8940361845589357
De Kromme Rijn,0,525,0.9038461538461539,1.4178085186212956
De Kromme Rijn,0,540,0.72,0.9523796653787958
De Kromme Rijn,0,555,0.49295774647887325,0.8258889485469533
De Kromme Rijn,0,570,0.4307692307692308,0.7699275690209187
De Kromme Rijn,0,585,0.3561643835616438,0.7882798257686485
De Kromme Rijn,0,600,0.4875,0.7629680551402902
De Kromme Rijn,0,615,0.4918032786885246,0.9420359303068386
De Kromme Rijn,0,630,0.6923076923076923,1.198567243238124
De Kromme Rijn,0,645,3.676470588235294,6.372612052546143
De Kromme Rijn,0,660,5.027777777777778,5.6915361480508615
De Kromme Rijn,0,675,1.3235294117647058,2.215556777639186
De Kromme Rijn,0,690,0.9027777777777778,1.6543559422701541
De Kromme Rijn,0,705,0.8108108108108109,1.2239132800741233
De Kromme Rijn,0,720,1.1805555555555556,1.6894568582072018
De Kromme Rijn,0,735,0.5909090909090909,1.0521373517716246
De Kromme Rijn,0,750,1.2533333333333334,1.8016008896994267
De Kromme Rijn,0,765,3.466666666666667,5.4185201264146245
De Kromme Rijn,0,780,6.698412698412699,6.632361815091797
De Kromme Rijn,0,795,2.046511627906977,3.426220612876307
De Kromme Rijn,0,810,0.9420289855072463,1.5231937999114433
De Kromme Rijn,0,825,1.4,2.8150732994292387
De Kromme Rijn,0,840,0.7222222222222222,1.3345065261105364
De Kromme Rijn,0,855,1.3661971830985915,1.8457629984040924
De Kromme Rijn,0,870,1.289855072463768,1.4862254725167763
De Kromme Rijn,0,885,1.3823529411764706,1.545618861368509
De Kromme Rijn,0,900,3.9696969696969697,4.8388482322193385
De Kromme Rijn,0,915,5.6231884057971016,6.797710361228824
De Kromme Rijn,0,930,2.493150684931507,3.037374998210868
De Kromme Rijn,0,945,3,3.6782348707914077
De Kromme Rijn,0,960,2.657142857142857,3.2072640120613993
De Kromme Rijn,0,975,2.3043478260869565,2.4811308369731386
De Kromme Rijn,0,990,2.706896551724138,3.1400559872629334
De Kromme Rijn,0,1005,2.9315068493150687,3.5564056727235456
De Kromme Rijn,0,1020,2.8358208955223883,3.462338563900404
De Kromme Rijn,0,1035,3.462686567164179,4.473248288297467
De Kromme Rijn,0,1050,2.492063492063492,3.9426248660776
De Kromme Rijn,0,1065,1.484375,2.3904053418641573
De Kromme Rijn,0,1080,1.5454545454545454,1.6768539958706097
De Kromme Rijn,0,1095,2.236842105263158,2.4098246042075546
De Kromme Rijn,0,1110,2.1904761904761907,2.5023798196726177
De Kromme Rijn,0,1125,1.6842105263157894,2.286497359595807
De Kromme Rijn,0,1140,2.6216216216216215,2.9092892540900714
De Kromme Rijn,0,1155,2.05,1.4317821063276353
De Kromme Rijn,0,1170,1.9473684210526316,1.393384536958932
De Kromme Rijn,0,1185,2.7142857142857144,1.9784553859730358
De Kromme Rijn,0,1200,2,2.5385910352879693
De Kromme Rijn,0,1215,1.368421052631579,1.3000224919331833
De Kromme Rijn,0,1230,1.65,1.6944180805158293
De Kromme Rijn,0,1245,0.8,0.9514531821875089
De Kromme Rijn,0,1260,0.8,1.1964860832322377
De Kromme Rijn,0,1275,1,1.4832396974191326
De Kromme Rijn,0,1290,0.5789473684210527,0.901590537370498
De Kromme Rijn,1,375,0,0.0
De Kromme Rijn,1,390,0.030303030303030304,0.17407765595569785
De Kromme Rijn,1,405,0,0.0
De Kromme Rijn,1,420,0.14814814814814814,0.3585825031987472
De Kromme Rijn,1,435,0.2711864406779661,0.5196321137170781
De Kromme Rijn,1,450,0.22580645161290322,0.5253992966699716
De Kromme Rijn,1,465,0.23943661971830985,0.4618221281710205
De Kromme Rijn,1,480,0.43548387096774194,0.6923698372538106
De Kromme Rijn,1,495,0.43333333333333335,0.7217367628174831
De Kromme Rijn,1,510,0.47619047619047616,0.7152067794192033
De Kromme Rijn,1,525,0.4225352112676056,0.730204899443318
De Kromme Rijn,1,540,0.43333333333333335,0.7672682483797642
De Kromme Rijn,1,555,0.3088235294117647,0.8151064932013481
De Kromme Rijn,1,570,0.2222222222222222,0.5477225575051661
De Kromme Rijn,1,585,0.21428571428571427,0.44698205854656614
De Kromme Rijn,1,600,0.29577464788732394,0.5950838163577847
De Kromme Rijn,1,615,0.2054794520547945,0.4701921625365599
De Kromme Rijn,1,630,0.17142857142857143,0.44952240586509273
De Kromme Rijn,1,645,0.4714285714285714,0.928165224100652
De Kromme Rijn,1,660,0.9130434782608695,1.5023425867896583
De Kromme Rijn,1,675,0.22857142857142856,0.5690426379538917
De Kromme Rijn,1,690,0.2236842105263158,0.8884245863403574
De Kromme Rijn,1,705,0.3783783783783784,1.0429502766316818
De Kromme Rijn,1,720,0.27692307692307694,0.5450829153581909
De Kromme Rijn,1,735,0.2875,0.6597611765833014
De Kromme Rijn,1,750,0.43283582089552236,0.7431277184778867
De Kromme Rijn,1,765,0.6486486486486487,1.1399643401348003
De Kromme Rijn,1,780,1.0410958904109588,1.829073506848508
De Kromme Rijn,1,795,0.2564102564102564,0.5683399713290656
De Kromme Rijn,1,810,0.125,0.3779644730092272
De Kromme Rijn,1,825,0.27631578947368424,0.6021889893940011
De Kromme Rijn,1,840,0.18461538461538463,0.49662321269209253
De Kromme Rijn,1,855,0.18055555555555555,0.4542875210697373
De Kromme Rijn,1,870,0.2777777777777778,0.7547450315158153
De Kromme Rijn,1,885,0.4126984126984127,0.8354044922327155
De Kromme Rijn,1,900,1,2.0291986247835694
De Kromme Rijn,1,915,0.7297297297297297,1.528696259798026
De Kromme Rijn,1,930,0.328125,0.6679674809117249
De Kromme Rijn,1,945,0.36486486486486486,0.7133621786488921
De Kromme Rijn,1,960,0.13157894736842105,0.5251566182427967
De Kromme Rijn,1,975,0.38596491228070173,0.7008766440504625
De Kromme Rijn,1,990,0.2361111111111111,0.616511209944702
De Kromme Rijn,1,1005,0.21428571428571427,0.5077046140772009
De Kromme Rijn,1,1020,0.45454545454545453,0.8780909810741544
De Kromme Rijn,1,1035,0.5454545454545454,1.1418527712433737
De Kromme Rijn,1,1050,0.3333333333333333,1.0519822558706333
De Kromme Rijn,1,1065,0.07894736842105263,0.2732763127330939
De Kromme Rijn,1,1080,0.21621621621621623,0.583815759328952
De Kromme Rijn,1,1095,0.2727272727272727,0.5504818825631803
De Kromme Rijn,1,1110,0.08695652173913043,0.2881040655200304
De Kromme Rijn,1,1125,0.21212121212121213,0.6498834394323992
De Kromme Rijn,1,1140,0.2222222222222222,0.4236592728681617
De Kromme Rijn,1,1155,0.9166666666666666,3.0348220586281878
De Kromme Rijn,1,1170,0,0.0
De Kromme Rijn,1,1185,0.18518518518518517,0.3958473906635696
De Kromme Rijn,1,1200,0.2,0.6958523739384593
De Kromme Rijn,1,1215,0.047619047619047616,0.21821789023599236
De Kromme Rijn,1,1230,0,0.0
De Kromme Rijn,1,1245,0.09090909090909091,0.29424494316824984
De Kromme Rijn,1,1260,0.05,0.22360679774997896
UMC Utrecht,0,360,0.05,0.22360679774997896
UMC Utrecht,0,375,0,0
UMC Utrecht,0,390,0.10810810810810811,0.3148000938676784
UMC Utrecht,0,405,0.42857142857142855,0.6761234037828132
UMC Utrecht,0,420,0.7058823529411765,0.6755205294731985
UMC Utrecht,0,435,0.4716981132075472,0.7494555353184393
UMC Utrecht,0,450,0.7647058823529411,1.1212685654140926
UMC Utrecht,0,465,0.5333333333333333,0.9994348685618164
UMC Utrecht,0,480,0.6229508196721312,0.8787099336760588
UMC Utrecht,0,495,0.704225352112676,1.1388511278249185
UMC Utrecht,0,510,0.9636363636363636,1.5981892110162532
UMC Utrecht,0,525,1.0142857142857142,1.5083617866755659
UMC Utrecht,0,540,1.1159420289855073,1.6674763591591475
UMC Utrecht,0,555,0.6470588235294118,1.0187013371928966
UMC Utrecht,0,570,1.208955223880597,1.3766154524867602
UMC Utrecht,0,585,1.4507042253521127,1.7385439917550565
UMC Utrecht,0,600,1.4594594594594594,1.807057618909806
UMC Utrecht,0,615,1.6285714285714286,1.9274630662182897
UMC Utrecht,0,630,2.135135135135135,2.360196905671883
UMC Utrecht,0,645,4.149253731343284,3.9128914029927606
UMC Utrecht,0,660,3.27027027027027,3.910986622875296
UMC Utrecht,0,675,2.9420289855072466,3.3689065164819496
UMC Utrecht,0,690,2.6164383561643834,2.5034983133956845
UMC Utrecht,0,705,3.1466666666666665,3.126578880421138
UMC Utrecht,0,720,4.614285714285714,4.489255634185731
UMC Utrecht,0,735,4.309859154929577,4.03411009586917
UMC Utrecht,0,750,3.7142857142857144,3.339780732075964
UMC Utrecht,0,765,5.7164179104477615,5.498776641215516
UMC Utrecht,0,780,5.465753424657534,5.930341454898655
UMC Utrecht,0,795,3.4246575342465753,3.6739239097968768
UMC Utrecht,0,810,2.9324324324324325,2.5337777366335343
UMC Utrecht,0,825,2.915492957746479,3.5846756333562833
UMC Utrecht,0,840,4.085714285714285,5.4500175698237125
UMC Utrecht,0,855,4.782608695652174,4.901589073715822
UMC Utrecht,0,870,5.097222222222222,5.0662087450591
UMC Utrecht,0,885,6.708333333333333,7.829948824325054
UMC Utrecht,0,900,11.290322580645162,11.890741813606182
UMC Utrecht,0,915,7.486111111111111,6.751093923993284
UMC Utrecht,0,930,7.904109589041096,6.602113263446713
UMC Utrecht,0,945,9.129032258064516,7.466831291781405
UMC Utrecht,0,960,11.397260273972602,10.905833971405954
UMC Utrecht,0,975,13.208333333333334,12.347021651474165
UMC Utrecht,0,990,22.19298245614035,17.283806000840404
UMC Utrecht,0,1005,17.2987012987013,15.077052042464485
UMC Utrecht,0,1020,16.7027027027027,15.578110502943238
UMC Utrecht,0,1035,19.03921568627451,16.89610698866899
UMC Utrecht,0,1050,7.2368421052631575,6.926025163208946
UMC Utrecht,0,1065,7.224489795918367,6.4267193099150814
UMC Utrecht,0,1080,8.942857142857143,6.530214198553643
UMC Utrecht,0,1095,6.310344827586207,4.811470285205835
UMC Utrecht,0,1110,6.67741935483871,3.6275528645281296
UMC Utrecht,0,1125,4.684210526315789,3.334210410926024
UMC Utrecht,0,1140,3.05,2.571540494104752
UMC Utrecht,0,1155,4.473684210526316,2.674331090875947
UMC Utrecht,0,1170,2.6666666666666665,1.798147194568157
UMC Utrecht,0,1185,3.736842105263158,2.3767883387078337
UMC Utrecht,0,1200,5.2,3.5777087639996634
UMC Utrecht,0,1215,3.5,2.373094803704315
UMC Utrecht,0,1230,2.9,2.3373399185263666
UMC Utrecht,0,1245,1.0588235294117647,1.6759545129303972
UMC Utrecht,0,1260,2.739130434782609,1.7892962380969741
UMC Utrecht,0,1275,2.3,2.1788456625132104
UMC Utrecht,1,375,0,0.0
UMC Utrecht,1,390,0,0.0
UMC Utrecht,1,405,0,0.0
UMC Utrecht,1,420,0.023809523809523808,0.1543033499620919
UMC Utrecht,1,435,0,0.0
UMC Utrecht,1,450,0.01639344262295082,0.12803687993289598
UMC Utrecht,1,465,0,0.0
UMC Utrecht,1,480,0.014705882352941176,0.1212678125181665
UMC Utrecht,1,495,0,0.0
UMC Utrecht,1,510,0.01818181818181818,0.13483997249264842
UMC Utrecht,1,525,0,0.0
UMC Utrecht,1,540,0.014925373134328358,0.12216944435630521
UMC Utrecht,1,555,0.014084507042253521,0.11867816581938534
UMC Utrecht,1,570,0,0.0
UMC Utrecht,1,585,0.014492753623188406,0.1203858530857692
UMC Utrecht,1,600,0,0.0
UMC Utrecht,1,615,0,0.0
UMC Utrecht,1,630,0.014285714285714285,0.11952286093343938
UMC Utrecht,1,645,0.0273972602739726,0.16436770598316272
UMC Utrecht,1,660,0.015625,0.125
UMC Utrecht,1,675,0.012987012987012988,0.11396057645963795
UMC Utrecht,1,690,0,0.0
UMC Utrecht,1,705,0,0.0
UMC Utrecht,1,720,0.02666666666666667,0.16219218941214866
UMC Utrecht,1,735,0.013513513513513514,0.11624763874381928
UMC Utrecht,1,750,0.0273972602739726,0.16436770598316272
UMC Utrecht,1,765,0.031746031746031744,0.25197631533948484
UMC Utrecht,1,780,0.012987012987012988,0.11396057645963795
UMC Utrecht,1,795,0,0.0
UMC Utrecht,1,810,0.014705882352941176,0.1212678125181665
UMC Utrecht,1,825,0.3125,2.7950849718747373
UMC Utrecht,1,840,0,0.0
UMC Utrecht,1,855,0,0.0
UMC Utrecht,1,870,0.013333333333333334,0.11547005383792516
UMC Utrecht,1,885,0.015151515151515152,0.12309149097933274
UMC Utrecht,1,900,0.015625,0.125
UMC Utrecht,1,915,0,0.0
UMC Utrecht,1,930,0.029411764705882353,0.17021393345759914
UMC Utrecht,1,945,0.015384615384615385,0.12403473458920845
UMC Utrecht,1,960,0,0.0
UMC Utrecht,1,975,0,0.0
UMC Utrecht,1,990,0.014925373134328358,0.12216944435630521
UMC Utrecht,1,1005,0.05970149253731343,0.23872115183006284
UMC Utrecht,1,1020,0,0.0
UMC Utrecht,1,1035,0,0.0
UMC Utrecht,1,1050,0,0.0
UMC Utrecht,1,1065,0,0.0
UMC Utrecht,1,1080,0,0.0
UMC Utrecht,1,1095,0,0.0
UMC Utrecht,1,1110,0,0.0
UMC Utrecht,1,1125,0.029411764705882353,0.17149858514250885
UMC Utrecht,1,1140,0,0.0
UMC Utrecht,1,1155,0,0.0
UMC Utrecht,1,1170,0,0.0
UMC Utrecht,1,1185,0,0.0
UMC Utrecht,1,1200,0,0.0
UMC Utrecht,1,1215,0,0.0
UMC Utrecht,1,1230,0,0.0
UMC Utrecht,1,1245,0.09090909090909091,0.4264014327112209
UMC Utrecht,1,1260,0.05555555555555555,0.23570226039551584
UMC Utrecht,1,1275,0,0.0
Sterrenwijk,0,375,0.65,2.0332758116683998
Sterrenwijk,0,390,0.8888888888888888,0.9633818428657449
Sterrenwijk,0,405,0.9565217391304348,0.7057079533454471
Sterrenwijk,0,420,1.2058823529411764,1.3206842066211506
Sterrenwijk,0,435,0.9642857142857143,1.1379690439434391
Sterrenwijk,0,450,1.4464285714285714,1.536461612183749
Sterrenwijk,0,465,1.7741935483870968,1.6438594614923814
Sterrenwijk,0,480,2.1857142857142855,2.080223351601117
Sterrenwijk,0,495,1.2950819672131149,1.5952456685944643
Sterrenwijk,0,510,1.3166666666666667,1.7802272437944608
Sterrenwijk,0,525,1.0161290322580645,1.6345845763300526
Sterrenwijk,0,540,0.6197183098591549,1.087148264078332
Sterrenwijk,0,555,0.765625,1.1648582923557016
Sterrenwijk,0,570,0.6052631578947368,0.9943701171216689
Sterrenwijk,0,585,0.7142857142857143,1.078684882903508
Sterrenwijk,0,600,0.6351351351351351,0.8847927444698108
Sterrenwijk,0,615,0.7142857142857143,1.0092737687925268
Sterrenwijk,0,630,0.45714285714285713,0.7359449074708636
Sterrenwijk,0,645,0.45714285714285713,0.7359449074708637
Sterrenwijk,0,660,0.5789473684210527,0.9558683018733887
Sterrenwijk,0,675,0.39436619718309857,0.7460155731702086
Sterrenwijk,0,690,0.6666666666666666,1.0127393670836666
Sterrenwijk,0,705,0.5945945945945946,0.8095139573186302
Sterrenwijk,0,720,0.835820895522388,1.1625079331807922
Sterrenwijk,0,735,0.6049382716049383,0.9959795724019521
Sterrenwijk,0,750,0.6119402985074627,1.1140320418736265
Sterrenwijk,0,765,0.7361111111111112,1.1132120200415307
Sterrenwijk,0,780,0.6617647058823529,0.9713860556871785
Sterrenwijk,0,795,0.5194805194805194,0.8827348295047495
Sterrenwijk,0,810,0.6883116883116883,1.0164403865780074
Sterrenwijk,0,825,0.639344262295082,1.1551736793695555
Sterrenwijk,0,840,0.46835443037974683,0.8598664630668201
Sterrenwijk,0,855,0.7727272727272727,1.1203770594066782
Sterrenwijk,0,870,0.5714285714285714,0.8746296121932676
Sterrenwijk,0,885,0.3246753246753247,0.5947480324862578
Sterrenwijk,0,900,0.4153846153846154,0.6821910402406465
Sterrenwijk,0,915,0.40625,0.6354288640515485
Sterrenwijk,0,930,0.4666666666666667,0.8750804338835177
Sterrenwijk,0,945,0.5342465753424658,0.94401906437938
Sterrenwijk,0,960,0.6779661016949152,1.0245382133211192
Sterrenwijk,0,975,0.6301369863013698,1.047574570603031
Sterrenwijk,0,990,0.3188405797101449,0.5555271376647696
Sterrenwijk,0,1005,0.3709677419354839,0.7295601856708801
Sterrenwijk,0,1020,0.589041095890411,0.8949800810687875
Sterrenwijk,0,1035,0.4393939393939394,0.7671884309464583
Sterrenwijk,0,1050,0.6290322580645161,1.1485396425103351
Sterrenwijk,0,1065,0.6338028169014085,1.5605808133028851
Sterrenwijk,0,1080,0.6122448979591837,1.0168645954315534
Sterrenwijk,0,1095,1.25,1.250714081749188
Sterrenwijk,0,1110,1.0285714285714285,1.2715371495513121
Sterrenwijk,0,1125,1.434782608695652,1.4717363572115556
Sterrenwijk,0,1140,1.05,1.050062654772261
Sterrenwijk,0,1155,0.918918918918919,1.3617468025864259
Sterrenwijk,0,1170,1.0526315789473684,0.9112679939102142
Sterrenwijk,0,1185,0.65,1.6944180805158293
Sterrenwijk,0,1200,1.368421052631579,1.2115429242540032
Sterrenwijk,0,1215,1.2,1.2814465510343749
Sterrenwijk,0,1230,1.95,2.704285098641939
Sterrenwijk,0,1245,1.05,1.3168942730211068
Sterrenwijk,0,1260,1.4,1.500876936643164
Sterrenwijk,0,1275,0.8,1.3218806379747876
Sterrenwijk,0,1290,0.55,0.887041208323017
Sterrenwijk,1,360,0,0
Sterrenwijk,1,375,0.16216216216216217,0.5007501879687623
Sterrenwijk,1,390,0.8,0.41039134083406165
Sterrenwijk,1,405,0.38461538461538464,0.6330953455832623
Sterrenwijk,1,420,0.5178571428571429,0.7625572152261799
Sterrenwijk,1,435,0.84375,0.9295629626804747
Sterrenwijk,1,450,0.6923076923076923,0.9830290707024659
Sterrenwijk,1,465,1.2941176470588236,1.3389550785483808
Sterrenwijk,1,480,1.0571428571428572,1.5025168670659925
Sterrenwijk,1,495,2.098360655737705,3.360083917765482
Sterrenwijk,1,510,1.5846153846153845,1.9834653048098967
Sterrenwijk,1,525,1.5614035087719298,1.8709961428116413
Sterrenwijk,1,540,1.5441176470588236,2.314353805750408
Sterrenwijk,1,555,1.1014492753623188,1.486655618338098
Sterrenwijk,1,570,1.1714285714285715,1.5877376902640077
Sterrenwijk,1,585,1.4805194805194806,3.0504977575298207
Sterrenwijk,1,600,1.0985915492957747,1.3432894547922785
Sterrenwijk,1,615,1.1515151515151516,1.4909204616088085
Sterrenwijk,1,630,1.5657894736842106,1.753742864586402
Sterrenwijk,1,645,1.2575757575757576,1.808617032734009
Sterrenwijk,1,660,1.0857142857142856,1.5011382844589378
Sterrenwijk,1,675,0.7361111111111112,1.1132120200415307
Sterrenwijk,1,690,0.7777777777777778,0.987420882906575
Sterrenwijk,1,705,0.7014925373134329,0.8706480584082934
Sterrenwijk,1,720,0.7733333333333333,1.0726745222249991
Sterrenwijk,1,735,1.0441176470588236,1.1645744021707656
Sterrenwijk,1,750,1.0597014925373134,1.4655704961686977
Sterrenwijk,1,765,1.8860759493670887,2.6746068092153905
Sterrenwijk,1,780,1.162162162162162,1.365193819618309
Sterrenwijk,1,795,0.6714285714285714,1.1883666609725188
Sterrenwijk,1,810,0.5352112676056338,0.8590856587175021
Sterrenwijk,1,825,0.7916666666666666,0.948497700220693
Sterrenwijk,1,840,0.7777777777777778,1.1136172453655822
Sterrenwijk,1,855,0.4246575342465753,0.6649521331807376
Sterrenwijk,1,870,1.0845070422535212,2.0545870553001255
Sterrenwijk,1,885,1.3548387096774193,2.516156151123704
Sterrenwijk,1,900,0.9863013698630136,1.989508249437893
Sterrenwijk,1,915,0.43478260869565216,0.7169843067764335
Sterrenwijk,1,930,0.828125,1.6188834825764113
Sterrenwijk,1,945,0.8024691358024691,1.8467522376216292
Sterrenwijk,1,960,0.3,0.5205905231116132
Sterrenwijk,1,975,0.5166666666666667,0.7700245795475263
Sterrenwijk,1,990,0.3380281690140845,0.67493199597824
Sterrenwijk,1,1005,0.30303030303030304,0.553859103707709
Sterrenwijk,1,1020,0.7049180327868853,1.1596588908680856
Sterrenwijk,1,1035,0.6285714285714286,0.9952267030562386
Sterrenwijk,1,1050,0.78,1.1480240344493966
Sterrenwijk,1,1065,0.96875,1.307160799151623
Sterrenwijk,1,1080,0.5675675675675675,0.9871547368444699
Sterrenwijk,1,1095,0.8,1.2247448713915892
Sterrenwijk,1,1110,0.7619047619047619,1.13599128098599
Sterrenwijk,1,1125,0.5,0.7367883976130072
Sterrenwijk,1,1140,0.3333333333333333,0.483045891539648
Sterrenwijk,1,1155,0.7,0.8645047258706176
Sterrenwijk,1,1170,0.3157894736842105,0.4775669329409193
Sterrenwijk,1,1185,0.15789473684210525,0.501459857121279
Sterrenwijk,1,1200,0.3,0.5712405705774793
Sterrenwijk,1,1215,0.6,0.7539370349250519
Sterrenwijk,1,1230,0.3,0.5712405705774793
Sterrenwijk,1,1245,0.3,0.5712405705774793
Sterrenwijk,1,1260,0.35,0.7451598203705946
CS Jaarbeurszijdeec,0,375,0,0.0
CS Jaarbeurszijdeec,0,390,0,0.0
CS Jaarbeurszijdeec,0,405,0,0.0
CS Jaarbeurszijdeec,0,420,0,0.0
CS Jaarbeurszijdeec,0,435,0,0.0
CS Jaarbeurszijdeec,0,450,0,0.0
CS Jaarbeurszijdeec,0,465,0,0.0
CS Jaarbeurszijdeec,0,480,0,0.0
CS Jaarbeurszijdeec,0,495,0,0.0
CS Jaarbeurszijdeec,0,510,0,0.0
CS Jaarbeurszijdeec,0,525,0,0.0
CS Jaarbeurszijdeec,0,540,0,0.0
CS Jaarbeurszijdeec,0,555,0,0.0
CS Jaarbeurszijdeec,0,570,0,0.0
CS Jaarbeurszijdeec,0,585,0,0.0
CS Jaarbeurszijdeec,0,600,0,0.0
CS Jaarbeurszijdeec,0,615,0,0.0
CS Jaarbeurszijdeec,0,630,0,0.0
CS Jaarbeurszijdeec,0,645,0,0.0
CS Jaarbeurszijdeec,0,660,0,0.0
CS Jaarbeurszijdeec,0,675,0,0.0
CS Jaarbeurszijdeec,0,690,0,0.0
CS Jaarbeurszijdeec,0,705,0,0.0
CS Jaarbeurszijdeec,0,720,0,0.0
CS Jaarbeurszijdeec,0,735,0,0.0
CS Jaarbeurszijdeec,0,750,0,0.0
CS Jaarbeurszijdeec,0,765,0,0.0
CS Jaarbeurszijdeec,0,780,0,0.0
CS Jaarbeurszijdeec,0,795,0,0.0
CS Jaarbeurszijdeec,0,810,0,0.0
CS Jaarbeurszijdeec,0,825,0,0.0
CS Jaarbeurszijdeec,0,840,0,0.0
CS Jaarbeurszijdeec,0,855,0,0.0
CS Jaarbeurszijdeec,0,870,0,0.0
CS Jaarbeurszijdeec,0,885,0,0.0
CS Jaarbeurszijdeec,0,900,0,0.0
CS Jaarbeurszijdeec,0,915,0,0.0
CS Jaarbeurszijdeec,0,930,0,0.0
CS Jaarbeurszijdeec,0,945,0,0.0
CS Jaarbeurszijdeec,0,960,0,0.0
CS Jaarbeurszijdeec,0,975,0,0.0
CS Jaarbeurszijdeec,0,990,0,0.0
CS Jaarbeurszijdeec,0,1005,0,0.0
CS Jaarbeurszijdeec,0,1020,0,0.0
CS Jaarbeurszijdeec,0,1035,0,0.0
CS Jaarbeurszijdeec,0,1050,0,0.0
CS Jaarbeurszijdeec,0,1065,0,0.0
CS Jaarbeurszijdeec,0,1080,0,0.0
CS Jaarbeurszijdeec,0,1095,0,0.0
CS Jaarbeurszijdeec,0,1110,0,0.0
CS Jaarbeurszijdeec,0,1125,0,0.0
CS Jaarbeurszijdeec,0,1140,0,0.0
CS Jaarbeurszijdeec,0,1155,0,0.0
CS Jaarbeurszijdeec,0,1170,0,0.0
CS Jaarbeurszijdeec,0,1185,0,0.0
CS Jaarbeurszijdeec,0,1200,0,0.0
CS Jaarbeurszijdeec,0,1215,0,0.0
CS Jaarbeurszijdeec,0,1230,0,0.0
CS Jaarbeurszijdeec,0,1245,0,0.0
CS Jaarbeurszijdeec,0,1260,0,0.0
CS Jaarbeurszijdeec,0,1275,0,0.0
CS Jaarbeurszijdeec,0,1290,0,0.0
CS Jaarbeurszijdeec,1,360,5.888888888888889,3.1787694416863097
CS Jaarbeurszijdeec,1,375,31.736842105263158,8.054274953665274
CS Jaarbeurszijdeec,1,390,27.18421052631579,19.0388724160177
CS Jaarbeurszijdeec,1,405,29.853658536585368,19.00336940598924
CS Jaarbeurszijdeec,1,420,27.42105263157895,24.064606025403673
CS Jaarbeurszijdeec,1,435,46.298701298701296,38.33373700838498
CS Jaarbeurszijdeec,1,450,75.27118644067797,41.6139194668764
CS Jaarbeurszijdeec,1,465,78.86567164179104,55.81622863886725
CS Jaarbeurszijdeec,1,480,131.30555555555554,91.33048468879286
CS Jaarbeurszijdeec,1,495,164.5737704918033,87.28105159319011
CS Jaarbeurszijdeec,1,510,148.96825396825398,82.12185443555485
CS Jaarbeurszijdeec,1,525,107.37878787878788,70.44600008331862
CS Jaarbeurszijdeec,1,540,91.8688524590164,57.293535240268326
CS Jaarbeurszijdeec,1,555,90.3,57.87511653486367
CS Jaarbeurszijdeec,1,570,91.08219178082192,67.94845951664344
CS Jaarbeurszijdeec,1,585,70.41095890410959,51.35114291069283
CS Jaarbeurszijdeec,1,600,99.17647058823529,73.87543795894538
CS Jaarbeurszijdeec,1,615,88.27397260273973,67.40492486828569
CS Jaarbeurszijdeec,1,630,95.31884057971014,62.2396915049872
CS Jaarbeurszijdeec,1,645,59,39.56299747530221
CS Jaarbeurszijdeec,1,660,40.6144578313253,36.93759778173718
CS Jaarbeurszijdeec,1,675,46.87692307692308,38.13196972862293
CS Jaarbeurszijdeec,1,690,47.037974683544306,34.64969124736629
CS Jaarbeurszijdeec,1,705,39.26470588235294,27.17308679890565
CS Jaarbeurszijdeec,1,720,51.71951219512195,38.48176556813097
CS Jaarbeurszijdeec,1,735,65.70769230769231,48.83477343199051
CS Jaarbeurszijdeec,1,750,72.26760563380282,48.465881297046444
CS Jaarbeurszijdeec,1,765,64.22857142857143,53.561875752828996
CS Jaarbeurszijdeec,1,780,38,26.88366990046324
CS Jaarbeurszijdeec,1,795,35.9344262295082,22.67294191502213
CS Jaarbeurszijdeec,1,810,29.611764705882354,24.220757585988423
CS Jaarbeurszijdeec,1,825,26,21.675763185581708
CS Jaarbeurszijdeec,1,840,26.21212121212121,19.680928020266922
CS Jaarbeurszijdeec,1,855,25.5,25.859405653639715
CS Jaarbeurszijdeec,1,870,35.507246376811594,26.006573370640805
CS Jaarbeurszijdeec,1,885,30.805555555555557,22.906816064704895
CS Jaarbeurszijdeec,1,900,16.063492063492063,11.756772949642777
CS Jaarbeurszijdeec,1,915,15.773333333333333,12.922401807267427
CS Jaarbeurszijdeec,1,930,19.3768115942029,17.281494224335635
CS Jaarbeurszijdeec,1,945,12.257575757575758,10.750757549065455
CS Jaarbeurszijdeec,1,960,12.094594594594595,11.024467084214514
CS Jaarbeurszijdeec,1,975,15.632352941176471,11.481203862933105
CS Jaarbeurszijdeec,1,990,15.397260273972602,14.025512197051839
CS Jaarbeurszijdeec,1,1005,14.830508474576272,14.238307413904856
CS Jaarbeurszijdeec,1,1020,16.08219178082192,14.654117192275061
CS Jaarbeurszijdeec,1,1035,15.6,16.424828766230714
CS Jaarbeurszijdeec,1,1050,23.680851063829788,15.264489029997074
CS Jaarbeurszijdeec,1,1065,21.916666666666668,15.48155584650882
CS Jaarbeurszijdeec,1,1080,26.346153846153847,19.378219335516476
CS Jaarbeurszijdeec,1,1095,35.523809523809526,22.690568630201952
CS Jaarbeurszijdeec,1,1110,28.17142857142857,15.414824252085687
CS Jaarbeurszijdeec,1,1125,19.136363636363637,11.115392393071334
CS Jaarbeurszijdeec,1,1140,24.31578947368421,11.48454338848982
CS Jaarbeurszijdeec,1,1155,17.25,8.961173560362916
CS Jaarbeurszijdeec,1,1170,14.68421052631579,5.68675489946153
CS Jaarbeurszijdeec,1,1185,14.842105263157896,7.228517274538679
CS Jaarbeurszijdeec,1,1200,14.5,10.318608637337029
CS Jaarbeurszijdeec,1,1215,11.3,5.151392249214105
CS Jaarbeurszijdeec,1,1230,11.789473684210526,4.69726808745042
CS Jaarbeurszijdeec,1,1245,11.05,2.964260802504253
CS Jaarbeurszijdeec,1,1260,10.4,4.476840991498123
Heidelberglaan,0,360,3.8333333333333335,2.770644435548397
Heidelberglaan,0,375,7,1.4142135623730951
Heidelberglaan,0,390,2.763157894736842,1.3642978696377674
Heidelberglaan,0,405,4.8,3.237933063902926
Heidelberglaan,0,420,4.774193548387097,2.231735907604285
Heidelberglaan,0,435,5.288461538461538,3.057209662430814
Heidelberglaan,0,450,4.467741935483871,3.405481319032327
Heidelberglaan,0,465,4.705882352941177,3.5871196757345776
Heidelberglaan,0,480,4.482758620689655,3.6140145307446057
Heidelberglaan,0,495,3.9393939393939394,3.0121742102995093
Heidelberglaan,0,510,3.9833333333333334,3.725731263299553
Heidelberglaan,0,525,3.6666666666666665,3.2785237453338585
Heidelberglaan,0,540,3.1184210526315788,3.334534871165324
Heidelberglaan,0,555,2.9322033898305087,2.8276004618249106
Heidelberglaan,0,570,2.684931506849315,2.8327289175357975
Heidelberglaan,0,585,3.6216216216216215,3.52176287854205
Heidelberglaan,0,600,3.6307692307692307,3.6893818535817706
Heidelberglaan,0,615,5.276315789473684,5.0743766361607445
Heidelberglaan,0,630,9.64179104477612,10.604032241268317
Heidelberglaan,0,645,20.72972972972973,20.345170270867996
Heidelberglaan,0,660,14.347826086956522,13.61749100903225
Heidelberglaan,0,675,11.28,10.214668837483643
Heidelberglaan,0,690,12.347826086956522,9.847104810337912
Heidelberglaan,0,705,16.11111111111111,12.650098813843313
Heidelberglaan,0,720,21.640625,16.28551521912589
Heidelberglaan,0,735,20.9,14.69511404554569
Heidelberglaan,0,750,30.05128205128205,20.718833540285594
Heidelberglaan,0,765,50.46478873239437,33.93684512061253
Heidelberglaan,0,780,38.52857142857143,29.28655101566886
Heidelberglaan,0,795,20.041095890410958,13.738063865856207
Heidelberglaan,0,810,18.863013698630137,13.814560624063324
Heidelberglaan,0,825,21.67105263157895,17.137396268896655
Heidelberglaan,0,840,27.776119402985074,20.913835420255342
Heidelberglaan,0,855,26.042857142857144,16.16530164351018
Heidelberglaan,0,870,34.178082191780824,21.09063935714493
Heidelberglaan,0,885,40.35616438356164,28.306050522720845
Heidelberglaan,0,900,61.50819672131148,37.89442481017477
Heidelberglaan,0,915,38.17391304347826,25.16297263472376
Heidelberglaan,0,930,30.807692307692307,21.155612495504357
Heidelberglaan,0,945,36.76271186440678,28.766203219949073
Heidelberglaan,0,960,38.17391304347826,21.595176831970885
Heidelberglaan,0,975,34.891891891891895,31.230722302722942
Heidelberglaan,0,990,47.74545454545454,27.388980064183276
Heidelberglaan,0,1005,48.625,31.268690613107353
Heidelberglaan,0,1020,58.68115942028985,33.98939832706628
Heidelberglaan,0,1035,38.07142857142857,26.05857537643512
Heidelberglaan,0,1050,33.48101265822785,33.1058367924843
Heidelberglaan,0,1065,29.918367346938776,18.32443352318369
Heidelberglaan,0,1080,32.3125,26.695943270406726
Heidelberglaan,0,1095,26.125,12.196641526097626
Heidelberglaan,0,1110,26.033333333333335,17.291583229268298
Heidelberglaan,0,1125,36.30769230769231,18.359305612252946
Heidelberglaan,0,1140,21.9,14.271722085370472
Heidelberglaan,0,1155,13.862068965517242,7.179952934242051
Heidelberglaan,0,1170,13.956521739130435,8.41253534840373
Heidelberglaan,0,1185,13.055555555555555,5.4175338672328
Heidelberglaan,0,1200,10.714285714285714,5.478529521165849
Heidelberglaan,0,1215,8.736842105263158,6.427735952392896
Heidelberglaan,0,1230,7.3,6.9517131550052955
Heidelberglaan,0,1245,7.4,10.69579356569675
Heidelberglaan,0,1260,6.615384615384615,4.8089659851317155
Heidelberglaan,0,1275,7.888888888888889,4.444281042747871
Heidelberglaan,0,1290,1,0.0
Heidelberglaan,1,375,0,0.0
Heidelberglaan,1,390,0,0.0
Heidelberglaan,1,405,0.04,0.2
Heidelberglaan,1,420,0.0625,0.24462302739504083
Heidelberglaan,1,435,0.018518518518518517,0.13608276348795434
Heidelberglaan,1,450,0.015625,0.125
Heidelberglaan,1,465,0.045454545454545456,0.20989507868443238
Heidelberglaan,1,480,0.016129032258064516,0.1270001270001905
Heidelberglaan,1,495,0.028985507246376812,0.16899482177531733
Heidelberglaan,1,510,0.12962962962962962,0.3907562235912973
Heidelberglaan,1,525,0.1076923076923077,0.3589514644713876
Heidelberglaan,1,540,0.07462686567164178,0.26477164751518606
Heidelberglaan,1,555,0.07692307692307693,0.26854307776478736
Heidelberglaan,1,570,0.13414634146341464,0.538910540732296
Heidelberglaan,1,585,0.0958904109589041,0.3401136885760013
Heidelberglaan,1,600,0.058823529411764705,0.2370435403783839
Heidelberglaan,1,615,0.05194805194805195,0.2233774181740458
Heidelberglaan,1,630,0.07352941176470588,0.2629440931775465
Heidelberglaan,1,645,0.07042253521126761,0.30817173607175735
Heidelberglaan,1,660,0.18181818181818182,0.46107202537934633
Heidelberglaan,1,675,0.08974358974358974,0.32973414855699845
Heidelberglaan,1,690,0.09722222222222222,0.3423087405623974
Heidelberglaan,1,705,0.08333333333333333,0.4024572411895647
Heidelberglaan,1,720,0.11267605633802817,0.3605272240423099
Heidelberglaan,1,735,0.10810810810810811,0.3126364937009625
Heidelberglaan,1,750,0.17142857142857143,0.41603471745560416
Heidelberglaan,1,765,0.2537313432835821,0.6592760855916258
Heidelberglaan,1,780,0.38666666666666666,0.9849315154314487
Heidelberglaan,1,795,0.08860759493670886,0.3277692049849241
Heidelberglaan,1,810,0.08823529411764706,0.2857456398198083
Heidelberglaan,1,825,0.17333333333333334,0.5294906612588747
Heidelberglaan,1,840,0.22388059701492538,0.5455299209189355
Heidelberglaan,1,855,0.08823529411764706,0.3339181291045581
Heidelberglaan,1,870,0.136986301369863,0.3842405385645922
Heidelberglaan,1,885,0.21875,0.6291528696058958
Heidelberglaan,1,900,0.4117647058823529,0.8849537321179365
Heidelberglaan,1,915,0.34210526315789475,1.1021510069429068
Heidelberglaan,1,930,0.21212121212121213,0.5118639096524212
Heidelberglaan,1,945,0.11267605633802817,0.3605272240423099
Heidelberglaan,1,960,0.2571428571428571,0.6524361101646589
Heidelberglaan,1,975,0.40625,1.4662201701318895
Heidelberglaan,1,990,0.37142857142857144,1.3744187553703826
Heidelberglaan,1,1005,0.2898550724637681,0.9409233461834229
Heidelberglaan,1,1020,0.5172413793103449,0.9410963988571648
Heidelberglaan,1,1035,0.41025641025641024,1.1670352873719636
Heidelberglaan,1,1050,0.1694915254237288,0.6985833540195117
Heidelberglaan,1,1065,0.3170731707317073,0.8496771266264588
Heidelberglaan,1,1080,0.1111111111111111,0.4646213682914464
Heidelberglaan,1,1095,0.037037037037037035,0.19245008972987526
Heidelberglaan,1,1110,0,0.0
Heidelberglaan,1,1125,0.02857142857142857,0.1690308509457033
Heidelberglaan,1,1140,0.08695652173913043,0.41702882811414954
Heidelberglaan,1,1155,0,0.0
Heidelberglaan,1,1170,0,0.0
Heidelberglaan,1,1185,0.038461538461538464,0.19611613513818404
Heidelberglaan,1,1200,0,0.0
Heidelberglaan,1,1215,0.047619047619047616,0.21821789023599236
Heidelberglaan,1,1230,0.043478260869565216,0.20851441405707477
Heidelberglaan,1,1245,0.13043478260869565,0.34435022157509093
Heidelberglaan,1,1260,0,0.0
Heidelberglaan,1,1275,0,0.0
Stadion Galgenwaard,0,375,0.75,1.4095538674570611
Stadion Galgenwaard,0,390,1.4736842105263157,1.020262550775348
Stadion Galgenwaard,0,405,0.7105263157894737,0.8976815403791096
Stadion Galgenwaard,0,420,1.25,1.2085223687584246
Stadion Galgenwaard,0,435,0.95,1.3765434228064855
Stadion Galgenwaard,0,450,0.9473684210526315,1.341920966264127
Stadion Galgenwaard,0,465,1.0298507462686568,1.205670305878314
Stadion Galgenwaard,0,480,1.3384615384615384,1.4062019222550672
Stadion Galgenwaard,0,495,1.1355932203389831,1.3577063203679347
Stadion Galgenwaard,0,510,0.9571428571428572,1.1220544599885178
Stadion Galgenwaard,0,525,0.9444444444444444,1.3091357752301405
Stadion Galgenwaard,0,540,0.7246376811594203,1.083079188498814
Stadion Galgenwaard,0,555,0.7285714285714285,1.153713959619592
Stadion Galgenwaard,0,570,1.1159420289855073,1.5294773413707086
Stadion Galgenwaard,0,585,1.2777777777777777,2.839471396065944
Stadion Galgenwaard,0,600,1.0649350649350648,1.48091065811105
Stadion Galgenwaard,0,615,1.2615384615384615,1.9706988217771497
Stadion Galgenwaard,0,630,1.144736842105263,1.5379982433316457
Stadion Galgenwaard,0,645,1.4375,2.0692380316788186
Stadion Galgenwaard,0,660,1.775,2.216023351337004
Stadion Galgenwaard,0,675,2.609375,2.8542209761951476
Stadion Galgenwaard,0,690,3.923076923076923,4.4859643471472355
Stadion Galgenwaard,0,705,6.8088235294117645,7.754165665139169
Stadion Galgenwaard,0,720,4.266666666666667,5.046629416597624
Stadion Galgenwaard,0,735,3.971830985915493,5.129666742129733
Stadion Galgenwaard,0,750,3.9859154929577465,5.303618596894762
Stadion Galgenwaard,0,765,3.611111111111111,5.282326513566834
Stadion Galgenwaard,0,780,3.6338028169014085,3.9757818157285323
Stadion Galgenwaard,0,795,3.220779220779221,4.339607599964287
Stadion Galgenwaard,0,810,4.04,5.4287522831080945
Stadion Galgenwaard,0,825,5.782608695652174,7.350209211142928
Stadion Galgenwaard,0,840,6.756756756756757,7.002564717655504
Stadion Galgenwaard,0,855,4.838709677419355,5.122094693138598
Stadion Galgenwaard,0,870,3.642857142857143,3.542846289972023
Stadion Galgenwaard,0,885,3.2533333333333334,2.7562868350585568
Stadion Galgenwaard,0,900,5.430769230769231,5.2677356104438715
Stadion Galgenwaard,0,915,3.6769230769230767,3.708553004153424
Stadion Galgenwaard,0,930,8.987654320987655,8.8296288528461
Stadion Galgenwaard,0,945,9.235294117647058,10.151270263957372
Stadion Galgenwaard,0,960,8.953125,8.331294393420585
Stadion Galgenwaard,0,975,6.6461538461538465,6.874842655542127
Stadion Galgenwaard,0,990,6.705882352941177,6.404426695605581
Stadion Galgenwaard,0,1005,7.373134328358209,7.187606802148303
Stadion Galgenwaard,0,1020,5.044776119402985,4.970924052323324
Stadion Galgenwaard,0,1035,5.1525423728813555,6.28850500111399
Stadion Galgenwaard,0,1050,5.608695652173913,5.269829194978289
Stadion Galgenwaard,0,1065,4.855072463768116,4.917780950791312
Stadion Galgenwaard,0,1080,6.04,4.530891699415991
Stadion Galgenwaard,0,1095,6.636363636363637,6.239081371775525
Stadion Galgenwaard,0,1110,6.5,5.288001793018131
Stadion Galgenwaard,0,1125,3.6,2.6832815729997477
Stadion Galgenwaard,0,1140,4.645161290322581,3.2305663806498304
Stadion Galgenwaard,0,1155,2.6923076923076925,3.4498606437852617
Stadion Galgenwaard,0,1170,3.8421052631578947,2.522414141138446
Stadion Galgenwaard,0,1185,3.15,3.8426279384926416
Stadion Galgenwaard,0,1200,4.473684210526316,3.272247291874697
Stadion Galgenwaard,0,1215,5.2,3.9283048439967616
Stadion Galgenwaard,0,1230,5.3,10.239757398441986
Stadion Galgenwaard,0,1245,3.75,3.160196529531535
Stadion Galgenwaard,0,1260,3.15,3.3915529745158586
Stadion Galgenwaard,0,1275,3.25,4.050665962140313
Stadion Galgenwaard,0,1290,3.45,2.605156829302827
Stadion Galgenwaard,1,375,0.1875,0.39655776945626603
Stadion Galgenwaard,1,390,0.2692307692307692,0.45234432086120485
Stadion Galgenwaard,1,405,0.14705882352941177,0.4357058321763818
Stadion Galgenwaard,1,420,0.25,0.5134553180524705
Stadion Galgenwaard,1,435,0.31666666666666665,0.7246662976417857
Stadion Galgenwaard,1,450,0.84375,1.086990165110807
Stadion Galgenwaard,1,465,0.835820895522388,1.0090051344641133
Stadion Galgenwaard,1,480,0.9516129032258065,1.2985164214902936
Stadion Galgenwaard,1,495,1.6779661016949152,2.0037953468192655
Stadion Galgenwaard,1,510,1.078125,1.8370498044764558
Stadion Galgenwaard,1,525,1.3043478260869565,1.5932241434762087
Stadion Galgenwaard,1,540,1.3833333333333333,1.7182141563279154
Stadion Galgenwaard,1,555,0.9436619718309859,1.689355954571885
Stadion Galgenwaard,1,570,0.7763157894736842,1.0782539491916403
Stadion Galgenwaard,1,585,0.8405797101449275,1.9221861665806548
Stadion Galgenwaard,1,600,1.9863013698630136,3.1113285420867487
Stadion Galgenwaard,1,615,1.3846153846153846,2.659121860864799
Stadion Galgenwaard,1,630,1.3650793650793651,1.903321267794352
Stadion Galgenwaard,1,645,1.0675675675675675,1.7464726178675478
Stadion Galgenwaard,1,660,1.9411764705882353,2.0065739193377508
Stadion Galgenwaard,1,675,1.295774647887324,2.0099350820872877
Stadion Galgenwaard,1,690,0.9879518072289156,1.877296810502352
Stadion Galgenwaard,1,705,1.4067796610169492,2.640001593963708
Stadion Galgenwaard,1,720,1.662162162162162,2.3011434145743928
Stadion Galgenwaard,1,735,1.7866666666666666,2.637019884997812
Stadion Galgenwaard,1,750,2.4411764705882355,4.87571610642815
Stadion Galgenwaard,1,765,4.013888888888889,4.983050300502654
Stadion Galgenwaard,1,780,3.1447368421052633,5.121728737756217
Stadion Galgenwaard,1,795,1.2133333333333334,1.9262997250248028
Stadion Galgenwaard,1,810,1.4776119402985075,2.60743813056106
Stadion Galgenwaard,1,825,0.7837837837837838,1.2850059460474368
Stadion Galgenwaard,1,840,1.044776119402985,1.7445398439989452
Stadion Galgenwaard,1,855,1.0138888888888888,1.7562207788601514
Stadion Galgenwaard,1,870,1.2328767123287672,1.8067815764902508
Stadion Galgenwaard,1,885,0.9354838709677419,1.7449784417094303
Stadion Galgenwaard,1,900,1.2916666666666667,1.9241789908250206
Stadion Galgenwaard,1,915,1.2297297297297298,3.3741454414710588
Stadion Galgenwaard,1,930,1,1.3148435493708117
Stadion Galgenwaard,1,945,0.9295774647887324,1.4670080695266603
Stadion Galgenwaard,1,960,0.8846153846153846,1.8374231619645693
Stadion Galgenwaard,1,975,0.8947368421052632,1.3320796110689346
Stadion Galgenwaard,1,990,1.1066666666666667,2.8690959746428337
Stadion Galgenwaard,1,1005,0.9583333333333334,1.4382843848943732
Stadion Galgenwaard,1,1020,1.816326530612245,2.5304270834169076
Stadion Galgenwaard,1,1035,1.1097560975609757,1.87251792957165
Stadion Galgenwaard,1,1050,1.2884615384615385,1.3333804667385598
Stadion Galgenwaard,1,1065,1.1818181818181819,1.2858495599832396
Stadion Galgenwaard,1,1080,0.96875,0.9666828882584055
Stadion Galgenwaard,1,1095,0.88,1.0535653752852738
Stadion Galgenwaard,1,1110,0.75,1.1097213530798988
Stadion Galgenwaard,1,1125,0.71875,1.3966405545843488
Stadion Galgenwaard,1,1140,0.19230769230769232,0.4019184762342502
Stadion Galgenwaard,1,1155,0.5,0.659380473395787
Stadion Galgenwaard,1,1170,0.47368421052631576,0.5129891760425771
Stadion Galgenwaard,1,1185,0.3333333333333333,0.7302967433402214
Stadion Galgenwaard,1,1200,0.55,0.7591546545162482
Stadion Galgenwaard,1,1215,0.7,0.9787209698591858
Stadion Galgenwaard,1,1230,0.15789473684210525,0.501459857121279
Stadion Galgenwaard,1,1245,0.5714285714285714,0.8701395618766321
Stadion Galgenwaard,1,1260,0.6,0.99472291830968
Padualaan,0,360,0,0.0
Padualaan,0,375,0.1111111111111111,0.3333333333333333
Padualaan,0,390,0.03225806451612903,0.1796053020267749
Padualaan,0,405,0.07407407407407407,0.2668802563418119
Padualaan,0,420,0.05,0.22360679774997896
Padualaan,0,435,0.27586206896551724,0.5229170357287027
Padualaan,0,450,0.3620689655172414,0.583344136102547
Padualaan,0,465,0.17391304347826086,0.4185592142777142
Padualaan,0,480,0.7580645161290323,1.3143032046686265
Padualaan,0,495,1.1846153846153846,1.5800742436305375
Padualaan,0,510,1.3333333333333333,3.2503802472037684
Padualaan,0,525,0.8360655737704918,1.6039568559124073
Padualaan,0,540,1.0273972602739727,1.9788647330373688
Padualaan,0,555,0.4852941176470588,0.9222400868945836
Padualaan,0,570,0.8382352941176471,1.1010211558373457
Padualaan,0,585,2.08974358974359,4.052210868206752
Padualaan,0,600,2.6470588235294117,3.623162244946335
Padualaan,0,615,4.895522388059701,4.681149588017912
Padualaan,0,630,6.891891891891892,6.203330010649864
Padualaan,0,645,10.594202898550725,9.790930437939988
Padualaan,0,660,12.486486486486486,10.823924848683673
Padualaan,0,675,10,8.39727847068833
Padualaan,0,690,11.710144927536232,9.060420470173234
Padualaan,0,705,14.142857142857142,11.341254787296508
Padualaan,0,720,18.816901408450704,16.049307825888967
Padualaan,0,735,15.015384615384615,11.565698622019537
Padualaan,0,750,19.858974358974358,13.82330458261517
Padualaan,0,765,22.197183098591548,18.422517059534865
Padualaan,0,780,35.35294117647059,20.918295003351357
Padualaan,0,795,20.526315789473685,15.480287408365971
Padualaan,0,810,19.189873417721518,15.773294494636836
Padualaan,0,825,17.295774647887324,13.298114115700963
Padualaan,0,840,19.666666666666668,14.898976044664519
Padualaan,0,855,21.6231884057971,15.050016073154756
Padualaan,0,870,23.64788732394366,16.891332174097286
Padualaan,0,885,21.47222222222222,14.767658059748
Padualaan,0,900,30.733333333333334,20.58785775659162
Padualaan,0,915,25.830985915492956,19.420891487183116
Padualaan,0,930,25.894736842105264,17.970033535393245
Padualaan,0,945,29.703125,20.65182238586084
Padualaan,0,960,31.246376811594203,23.637834700465124
Padualaan,0,975,28.76,21.516706268586944
Padualaan,0,990,29.610169491525422,30.371275533915004
Padualaan,0,1005,27.175675675675677,25.643156104829618
Padualaan,0,1020,28.432835820895523,24.888371314426305
Padualaan,0,1035,31.5,29.54748459943496
Padualaan,0,1050,25.266666666666666,25.786196461051173
Padualaan,0,1065,27.705882352941178,21.018367317798077
Padualaan,0,1080,24.38235294117647,18.285637195056495
Padualaan,0,1095,30.333333333333332,19.8750482731401
Padualaan,0,1110,24.35,17.989104889817117
Padualaan,0,1125,22.31578947368421,14.248012070222861
Padualaan,0,1140,23.526315789473685,17.57107088386163
Padualaan,0,1155,12.541666666666666,8.647589091848044
Padualaan,0,1170,9.45,6.443887352408196
Padualaan,0,1185,12.863636363636363,8.322633823870529
Padualaan,0,1200,8.529411764705882,8.284908320696912
Padualaan,0,1215,13.722222222222221,9.838732316450695
Padualaan,0,1230,9.166666666666666,8.866659295294003
Padualaan,0,1245,7.826086956521739,5.52393283739899
Padualaan,0,1260,5.894736842105263,4.293337692054015
Padualaan,0,1275,4.791666666666667,2.781603645485767
Padualaan,0,1290,7.083333333333333,4.420167280531223
Padualaan,1,375,0,0.0
Padualaan,1,390,0,0.0
Padualaan,1,405,0,0.0
Padualaan,1,420,0,0.0
Padualaan,1,435,0.03773584905660377,0.1923802475610973
Padualaan,1,450,0.015625,0.125
Padualaan,1,465,0.046875,0.21304202581158665
Padualaan,1,480,0.04411764705882353,0.2068833061667868
Padualaan,1,495,0.14754098360655737,0.4014999200402781
Padualaan,1,510,0.2222222222222222,0.5718776312789587
Padualaan,1,525,0.3230769230769231,0.6639769458463032
Padualaan,1,540,0.09090909090909091,0.28936492084609694
Padualaan,1,555,0.14754098360655737,0.4014999200402781
Padualaan,1,570,0.1282051282051282,0.4064088645295095
Padualaan,1,585,0.125,0.4320982073088173
Padualaan,1,600,0.07575757575757576,0.2666375275454884
Padualaan,1,615,0.05333333333333334,0.22621045769630363
Padualaan,1,630,0.06153846153846154,0.2421855614066333
Padualaan,1,645,0.07462686567164178,0.26477164751518606
Padualaan,1,660,0.027777777777777776,0.23570226039551587
Padualaan,1,675,0.027777777777777776,0.16548879560577057
Padualaan,1,690,0.11538461538461539,0.39413786337353496
Padualaan,1,705,0.0684931506849315,0.25433830943623054
Padualaan,1,720,0.04411764705882353,0.2068833061667868
Padualaan,1,735,0.06578947368421052,0.24956101809855233
Padualaan,1,750,0.05714285714285714,0.23379132809659064
Padualaan,1,765,0.17142857142857143,0.41603471745560416
Padualaan,1,780,0.21333333333333335,0.6215354425182094
Padualaan,1,795,0.0410958904109589,0.26025394459512263
Padualaan,1,810,0.0547945205479452,0.22915369411186493
Padualaan,1,825,0.028985507246376812,0.16899482177531733
Padualaan,1,840,0.09722222222222222,0.416549279238878
Padualaan,1,855,0.08823529411764706,0.37596816781922515
Padualaan,1,870,0.04411764705882353,0.2695393267023518
Padualaan,1,885,0.1,0.4222095090890509
Padualaan,1,900,0.2878787878787879,0.8369385882286707
Padualaan,1,915,0.1527777777777778,0.5216367043548636
Padualaan,1,930,0.03076923076923077,0.17403580533459642
Padualaan,1,945,0.2222222222222222,0.6329502177033884
Padualaan,1,960,0.12857142857142856,0.5626394467133722
Padualaan,1,975,1.5,9.456668093391638
Padualaan,1,990,0.2361111111111111,0.7597823178904796
Padualaan,1,1005,0.14285714285714285,0.4900669663117269
Padualaan,1,1020,0.3275862068965517,0.8457931196279156
Padualaan,1,1035,0.5,2.194744041671079
Padualaan,1,1050,0.15873015873015872,0.6274975698796077
Padualaan,1,1065,0.16216216216216217,0.6015495506289251
Padualaan,1,1080,0.5945945945945946,3.148716312152369
Padualaan,1,1095,0.2916666666666667,0.6902530516863499
Padualaan,1,1110,0.05263157894736842,0.22941573387056177
Padualaan,1,1125,0.16216216216216217,0.8337836621061816
Padualaan,1,1140,0.047619047619047616,0.21821789023599236
Padualaan,1,1155,0.05,0.22360679774997896
Padualaan,1,1170,0.05263157894736842,0.22941573387056177
Padualaan,1,1185,0.03125,0.1767766952966369
Padualaan,1,1200,0,0.0
Padualaan,1,1215,0.0625,0.25
Padualaan,1,1230,0,0.0
Padualaan,1,1245,0,0.0
Padualaan,1,1260,0,0.0
Padualaan,1,1275,0,0.0