stop,direction,time,average,sd,passenger_count,percentage_out
Vaartsche Rijn,0,375,0.0,0.0,6,0.0
Vaartsche Rijn,0,390,0.5555555555555556,0.5113099925649136,6,0.16666666666666666
Vaartsche Rijn,0,405,0.0,0.0,7,0.0
Vaartsche Rijn,0,420,0.1,0.23883257361061286,8,0.0
Vaartsche Rijn,0,435,3.8421052631578947,2.819762082349892,7,0.0
Vaartsche Rijn,0,450,6.0,2.888400447108597,10,1.1
Vaartsche Rijn,0,465,19.05,4.7730348258700985,9,0.4444444444444444
Vaartsche Rijn,0,480,10.45,2.0816162696318115,1,1.0
Vaartsche Rijn,0,495,16.9,3.4716651647866965,5,1.2
Vaartsche Rijn,0,510,9.05,2.982955346442527,5,0.8
Vaartsche Rijn,0,525,16.0,6.077500529962751,13,1.6923076923076923
Vaartsche Rijn,0,540,40.5,7.4423066024850355,17,0.47058823529411764
Vaartsche Rijn,0,555,12.142857142857142,3.785906142188461,4,0.0
Vaartsche Rijn,0,570,18.952380952380953,4.310818703533801,4,2.75
Vaartsche Rijn,0,585,15.523809523809524,3.2027420963633344,1,4.0
Vaartsche Rijn,0,600,11.571428571428571,2.5935656434975174,15,0.2
Vaartsche Rijn,0,615,14.666666666666666,4.825656071638252,13,1.2307692307692308
Vaartsche Rijn,0,630,22.61904761904762,4.204527777316704,27,0.4074074074074074
Vaartsche Rijn,0,645,41.42857142857143,7.605435563037772,7,3.4285714285714284
Vaartsche Rijn,0,660,44.04761904761905,8.657002033644575,75,0.0
Vaartsche Rijn,0,675,28.6,5.463874407528735,35,0.37142857142857144
Vaartsche Rijn,0,690,28.333333333333332,5.674483844348039,28,0.2857142857142857
Vaartsche Rijn,0,705,35.57142857142857,6.932490348794924,17,0.23529411764705882
Vaartsche Rijn,0,720,31.761904761904763,6.695617824755132,86,0.20930232558139536
Vaartsche Rijn,0,735,49.76190476190476,8.500889568556348,76,0.21052631578947367
Vaartsche Rijn,0,750,40.857142857142854,8.144972061209499,145,0.14482758620689656
Vaartsche Rijn,0,765,51.38095238095238,9.402566409553936,48,0.4583333333333333
Vaartsche Rijn,0,780,74.57142857142857,15.449455951620223,59,0.5932203389830508
Vaartsche Rijn,0,795,65.57142857142857,10.380870597774424,15,1.9333333333333333
Vaartsche Rijn,0,810,49.42857142857143,8.949581568593304,53,0.18867924528301888
Vaartsche Rijn,0,825,29.904761904761905,7.868384548929727,72,0.3611111111111111
Vaartsche Rijn,0,840,29.476190476190474,5.945113010823033,32,0.40625
Vaartsche Rijn,0,855,24.714285714285715,5.256165211185121,76,0.06578947368421052
Vaartsche Rijn,0,870,43.714285714285715,10.59323321095836,87,0.26436781609195403
Vaartsche Rijn,0,885,46.095238095238095,8.269201850730232,69,0.4057971014492754
Vaartsche Rijn,0,900,53.523809523809526,10.328545209943467,124,0.2903225806451613
Vaartsche Rijn,0,915,62.714285714285715,12.829535229553299,73,0.4246575342465753
Vaartsche Rijn,0,930,59.476190476190474,9.582491541563924,70,0.5
Vaartsche Rijn,0,945,58.333333333333336,10.699489311985444,127,0.2047244094488189
Vaartsche Rijn,0,960,48.61904761904762,8.183781769110077,111,0.17117117117117117
Vaartsche Rijn,0,975,55.714285714285715,10.255042936607289,76,0.4605263157894737
Vaartsche Rijn,0,990,72.61904761904762,13.149753886688428,137,0.16058394160583941
Vaartsche Rijn,0,1005,55.285714285714285,8.574015939976674,110,0.16363636363636364
Vaartsche Rijn,0,1020,53.95238095238095,9.87576943421667,112,0.08035714285714286
Vaartsche Rijn,0,1035,78.28571428571429,16.949451793020213,56,0.14285714285714285
Vaartsche Rijn,0,1050,85.0,16.233489354606537,31,0.7096774193548387
Vaartsche Rijn,0,1065,74.15,13.515651557440094,58,0.46551724137931033
Vaartsche Rijn,0,1080,56.25,11.645741681822068,108,0.2777777777777778
Vaartsche Rijn,0,1095,41.05,12.058949123711152,104,0.375
Vaartsche Rijn,0,1110,38.1,12.40276466875718,13,0.9230769230769231
Vaartsche Rijn,0,1125,29.0,13.125119988158483,121,0.2066115702479339
Vaartsche Rijn,0,1140,29.526315789473685,16.275506298212594,138,0.06521739130434782
Vaartsche Rijn,0,1155,25.6,8.17691028823613,43,0.13953488372093023
Vaartsche Rijn,0,1170,18.0,11.135528725660043,42,0.5
Vaartsche Rijn,0,1185,18.6,9.127171695431983,51,0.3333333333333333
Vaartsche Rijn,0,1200,19.473684210526315,13.309847737056414,28,0.39285714285714285
Vaartsche Rijn,0,1215,23.75,12.160657011336534,50,0.76
Vaartsche Rijn,0,1230,10.5,5.7077970679081655,13,1.0
Vaartsche Rijn,0,1245,9.25,5.627704028427486,46,0.3695652173913043
Vaartsche Rijn,0,1260,9.15,6.555632371440125,17,1.1176470588235294
Vaartsche Rijn,0,1275,18.55,7.728791013238474,32,0.78125
Vaartsche Rijn,0,1290,21.55,10.932688791442219,12,1.5
Vaartsche Rijn,1,375,23.210526315789473,12.627351266199891,0,0
Vaartsche Rijn,1,390,44.05263157894737,23.71233547757727,23,1.173913043478261
Vaartsche Rijn,1,405,134.31578947368422,40.54454784999286,35,2.2
Vaartsche Rijn,1,420,61.78947368421053,18.309724430156585,36,0.3333333333333333
Vaartsche Rijn,1,435,89.89473684210526,18.324846520503247,66,0.7575757575757576
Vaartsche Rijn,1,450,139.1578947368421,28.79171480704223,38,1.9736842105263157
Vaartsche Rijn,1,465,156.05263157894737,28.402075357540067,186,0.41397849462365593
Vaartsche Rijn,1,480,212.42105263157896,37.375533924353995,0,0
Vaartsche Rijn,1,495,189.52631578947367,39.04171609812084,0,0
Vaartsche Rijn,1,510,203.77777777777777,36.566666514014074,141,0.851063829787234
Vaartsche Rijn,1,525,356.05263157894734,85.89284342437354,0,0
Vaartsche Rijn,1,540,497.75,82.86325911728588,157,1.0764331210191083
Vaartsche Rijn,1,555,286.95,52.67017748359926,73,1.9589041095890412
Vaartsche Rijn,1,570,274.5,40.181361802123874,126,0.7222222222222222
Vaartsche Rijn,1,585,393.75,63.35786741359604,52,2.2884615384615383
Vaartsche Rijn,1,600,181.35,32.44430917199691,30,2.7666666666666666
Vaartsche Rijn,1,615,171.2,35.64708680589559,111,0.35135135135135137
Vaartsche Rijn,1,630,352.05,59.30131639989591,0,0
Vaartsche Rijn,1,645,280.2105263157895,58.780859572865516,124,0.3064516129032258
Vaartsche Rijn,1,660,187.15,38.244783966946734,65,0.6461538461538462
Vaartsche Rijn,1,675,159.3,31.849811395571933,35,1.8857142857142857
Vaartsche Rijn,1,690,163.8,25.543468283101742,62,0.9516129032258065
Vaartsche Rijn,1,705,119.9,25.88863129172205,91,0.2967032967032967
Vaartsche Rijn,1,720,139.9,25.950820226392366,41,0.7317073170731707
Vaartsche Rijn,1,735,134.4,27.52125926512923,43,1.6046511627906976
Vaartsche Rijn,1,750,113.35,23.3406823035837,59,0.8813559322033898
Vaartsche Rijn,1,765,170.3,33.20415690897807,59,0.7288135593220338
Vaartsche Rijn,1,780,182.6,34.9402479320528,60,0.9833333333333333
Vaartsche Rijn,1,795,118.2,27.390008897636147,39,0.9487179487179487
Vaartsche Rijn,1,810,105.9,23.073707144055167,10,5.8
Vaartsche Rijn,1,825,115.8,20.33649158595394,11,6.090909090909091
Vaartsche Rijn,1,840,101.7,26.785454063471164,28,1.6428571428571428
Vaartsche Rijn,1,855,92.75,16.6030970107848,22,2.6818181818181817
Vaartsche Rijn,1,870,94.85,19.82696769394621,0,0
Vaartsche Rijn,1,885,104.95,24.261650873293924,22,2.6363636363636362
Vaartsche Rijn,1,900,94.2,19.972263375687447,19,0.2631578947368421
Vaartsche Rijn,1,915,105.8,18.586909196345516,1,79.0
Vaartsche Rijn,1,930,134.65,25.31100897122126,15,4.533333333333333
Vaartsche Rijn,1,945,104.45,15.502532206981698,11,4.363636363636363
Vaartsche Rijn,1,960,82.75,14.781826810179918,4,11.25
Vaartsche Rijn,1,975,108.75,19.93094280767991,13,6.461538461538462
Vaartsche Rijn,1,990,80.7,16.260876400478043,26,1.7307692307692308
Vaartsche Rijn,1,1005,116.1,26.74422285693114,8,0.375
Vaartsche Rijn,1,1020,119.0,26.97820141303259,0,0
Vaartsche Rijn,1,1035,129.35,25.015207495853517,36,2.4166666666666665
Vaartsche Rijn,1,1050,136.3,30.867567730364705,46,0.17391304347826086
Vaartsche Rijn,1,1065,92.72222222222223,32.49348298938742,0,0
Vaartsche Rijn,1,1080,142.31578947368422,48.30195639512585,50,2.42
Vaartsche Rijn,1,1095,122.05555555555556,53.53095745264698,34,5.176470588235294
Vaartsche Rijn,1,1110,89.33333333333333,41.2264605882142,0,0
Vaartsche Rijn,1,1125,95.26315789473684,30.199396766531425,9,7.777777777777778
Vaartsche Rijn,1,1140,75.3157894736842,46.69776845789709,21,1.1428571428571428
Vaartsche Rijn,1,1155,44.68421052631579,23.884101247433634,34,1.0
Vaartsche Rijn,1,1170,50.611111111111114,20.773679299391983,18,3.5555555555555554
Vaartsche Rijn,1,1185,38.833333333333336,22.625467170997428,15,4.466666666666667
Vaartsche Rijn,1,1200,58.89473684210526,35.32373255859784,25,3.6
Vaartsche Rijn,1,1215,48.63157894736842,27.32766308323204,24,1.1666666666666667
Vaartsche Rijn,1,1230,39.63157894736842,22.97392368731652,11,5.909090909090909
Vaartsche Rijn,1,1245,42.8421052631579,21.76966073816886,8,8.75
Vaartsche Rijn,1,1260,41.578947368421055,23.86144214109096,5,5.6
WKZ,0,360,0.0,0.0,0,0
WKZ,0,375,0.0,0.0,0,0
WKZ,0,390,0.0,0.0,0,0
WKZ,0,405,0.0,0.0,0,0
WKZ,0,420,0.0,0.0,0,0
WKZ,0,435,0.0,0.0,0,0
WKZ,0,450,0.0,0.0,0,0
WKZ,0,465,0.0,0.0,0,0
WKZ,0,480,0.0,0.0,0,0
WKZ,0,495,0.0,0.0,0,0
WKZ,0,510,0.0,0.0,0,0
WKZ,0,525,0.0,0.0,0,0
WKZ,0,540,0.0,0.0,0,0
WKZ,0,555,0.0,0.0,0,0
WKZ,0,570,0.0,0.0,0,0
WKZ,0,585,0.0,0.0,0,0
WKZ,0,600,0.0,0.0,0,0
WKZ,0,615,0.0,0.0,0,0
WKZ,0,630,0.0,0.0,0,0
WKZ,0,645,0.0,0.0,0,0
WKZ,0,660,0.0,0.0,0,0
WKZ,0,675,0.0,0.0,0,0
WKZ,0,690,0.0,0.0,0,0
WKZ,0,705,0.0,0.0,0,0
WKZ,0,720,0.0,0.0,0,0
WKZ,0,735,0.0,0.0,0,0
WKZ,0,750,0.0,0.0,0,0
WKZ,0,765,0.0,0.0,0,0
WKZ,0,780,0.0,0.0,0,0
WKZ,0,795,0.0,0.0,0,0
WKZ,0,810,0.0,0.0,0,0
WKZ,0,825,0.0,0.0,0,0
WKZ,0,840,0.0,0.0,0,0
WKZ,0,855,0.0,0.0,0,0
WKZ,0,870,0.0,0.0,0,0
WKZ,0,885,0.09523809523809523,0.23570226039551587,0,0
WKZ,0,900,0.0,0.0,0,0
WKZ,0,915,0.0,0.0,0,0
WKZ,0,930,0.0,0.0,0,0
WKZ,0,945,0.0,0.0,0,0
WKZ,0,960,0.0,0.0,0,0
WKZ,0,975,0.0,0.0,0,0
WKZ,0,990,0.0,0.0,0,0
WKZ,0,1005,0.0,0.0,0,0
WKZ,0,1020,0.0,0.0,0,0
WKZ,0,1035,0.0,0.0,0,0
WKZ,0,1050,0.0,0.0,0,0
WKZ,0,1065,0.0,0.0,0,0
WKZ,0,1080,0.0,0.0,0,0
WKZ,0,1095,0.0,0.0,0,0
WKZ,0,1110,0.0,0.0,0,0
WKZ,0,1125,0.0,0.0,0,0
WKZ,0,1140,0.0,0.0,0,0
WKZ,0,1155,0.0,0.0,0,0
WKZ,0,1170,0.0,0.0,0,0
WKZ,0,1185,0.0,0.0,0,0
WKZ,0,1200,0.0,0.0,0,0
WKZ,0,1215,0.0,0.0,0,0
WKZ,0,1230,0.0,0.0,0,0
WKZ,0,1245,0.0,0.0,0,0
WKZ,0,1260,0.0,0.0,0,0
WKZ,0,1275,0.0,0.0,0,0
WKZ,1,375,0.4117647058823529,0.6183469424008423,0,0
WKZ,1,390,1.736842105263158,1.097578408394179,0,0
WKZ,1,405,2.4210526315789473,1.856721661899885,0,0
WKZ,1,420,3.210526315789474,1.5494840757171082,0,0
WKZ,1,435,3.5789473684210527,2.1814823511151653,0,0
WKZ,1,450,6.315789473684211,1.954410836566438,0,0
WKZ,1,465,7.315789473684211,2.131931019083373,0,0
WKZ,1,480,11.947368421052632,4.495427249456687,0,0
WKZ,1,495,6.0,1.921160147800756,0,0
WKZ,1,510,79.52631578947368,46.044203618573825,68,1.4558823529411764
WKZ,1,525,23.5,24.82827815669897,0,0
WKZ,1,540,20.7,17.800212146138946,0,0
WKZ,1,555,17.6,19.707257126166823,0,0
WKZ,1,570,10.5,14.203849442108565,0,0
WKZ,1,585,20.1,20.77330185430496,0,0
WKZ,1,600,9.7,14.60654597261856,0,0
WKZ,1,615,11.0,15.949622310039414,0,0
WKZ,1,630,8.1,13.785659974818069,0,0
WKZ,1,645,26.25,20.7360823364488,0,0
WKZ,1,660,10.157894736842104,17.513374700373284,0,0
WKZ,1,675,1.4,0.8679241681856819,0,0
WKZ,1,690,5.5,9.418935510653322,0,0
WKZ,1,705,1.55,0.8406187239374372,0,0
WKZ,1,720,1.8,0.8140629046323218,0,0
WKZ,1,735,2.5,1.2228045705013852,0,0
WKZ,1,750,2.15,0.8894365117806964,0,0
WKZ,1,765,1.85,0.975838043430184,0,0
WKZ,1,780,4.8,2.4806153844201635,0,0
WKZ,1,795,2.1,1.2189813341301607,0,0
WKZ,1,810,2.4,1.0544498123569757,0,0
WKZ,1,825,3.55,3.0093425212188207,0,0
WKZ,1,840,2.7,1.2029150461669897,0,0
WKZ,1,855,2.2,0.9574271077563381,0,0
WKZ,1,870,2.65,0.981519374077833,5,0.4
WKZ,1,885,2.9,1.4807061645165218,0,0
WKZ,1,900,2.35,1.0426186126424999,0,0
WKZ,1,915,4.45,3.036531432215546,0,0
WKZ,1,930,1.95,0.8117796345777636,0,0
WKZ,1,945,1.75,0.8502476311297721,0,0
WKZ,1,960,2.75,1.1444053201450144,0,0
WKZ,1,975,6.05,9.41909794205298,0,0
WKZ,1,990,4.05,2.47682712740466,0,0
WKZ,1,1005,2.05,1.0342615576811167,0,0
WKZ,1,1020,2.9473684210526314,1.0936705574443115,0,0
WKZ,1,1035,3.8,1.764688157659962,0,0
WKZ,1,1050,3.35,2.121093694662841,0,0
WKZ,1,1065,3.111111111111111,1.7945787306531915,0,0
WKZ,1,1080,1.0,0.869573249052649,0,0
WKZ,1,1095,2.9444444444444446,4.084570004445036,0,0
WKZ,1,1110,1.0,1.5211353699959822,0,0
WKZ,1,1125,1.1578947368421053,1.3597804414694488,0,0
WKZ,1,1140,0.4444444444444444,0.7358929688062399,0,0
WKZ,1,1155,0.42105263157894735,1.0173926082384548,0,0
WKZ,1,1170,0.42105263157894735,0.6924826089821247,0,0
WKZ,1,1185,0.16666666666666666,0.501459857121279,0,0
WKZ,1,1200,0.11764705882352941,0.3321055820775357,0,0
WKZ,1,1215,0.47368421052631576,0.611775290321498,0,0
WKZ,1,1230,0.10526315789473684,0.3153017676423058,0,0
WKZ,1,1245,0.21052631578947367,0.5353033790313108,0,0
WKZ,1,1260,0.3684210526315789,0.9551338658818386,0,0
WKZ,1,1275,0.10526315789473684,0.3153017676423058,0,0
Kromme Rijn,0,375,0.0,0.0,8,0.0
Kromme Rijn,0,390,0.0,0.0,4,0.0
Kromme Rijn,0,405,0.0,0.0,5,0.0
Kromme Rijn,0,420,0.0,0.0,8,0.0
Kromme Rijn,0,435,0.1,0.199914947901746,3,0.0
Kromme Rijn,0,450,0.2,0.2577130964857056,3,0.0
Kromme Rijn,0,465,0.35,0.30216609311120096,17,0.0
Kromme Rijn,0,480,0.65,0.4055052697678833,7,0.0
Kromme Rijn,0,495,1.05,0.7670156855449733,3,0.0
Kromme Rijn,0,510,2.55,2.0213891228593237,5,0.0
Kromme Rijn,0,525,2.1578947368421053,1.4326246099385243,0,0
Kromme Rijn,0,540,1.45,0.7692279972230026,8,0.0
Kromme Rijn,0,555,0.9047619047619048,0.6315004010602332,4,0.25
Kromme Rijn,0,570,0.38095238095238093,0.33108214179472834,12,0.0
Kromme Rijn,0,585,0.7142857142857143,0.439662247564001,5,0.0
Kromme Rijn,0,600,0.8571428571428571,0.47667094506946583,17,0.11764705882352941
Kromme Rijn,0,615,0.8095238095238095,0.520613341517599,7,0.14285714285714285
Kromme Rijn,0,630,1.8095238095238095,0.801679887917018,11,0.0
Kromme Rijn,0,645,1.7619047619047619,0.9990118032173171,62,0.016129032258064516
Kromme Rijn,0,660,0.9523809523809523,0.5867605558673425,14,0.0
Kromme Rijn,0,675,0.35,0.3515299559368779,38,0.0
Kromme Rijn,0,690,0.47619047619047616,0.38659057046257483,8,0.0
Kromme Rijn,0,705,0.9523809523809523,0.7080224688273032,10,0.1
Kromme Rijn,0,720,1.3333333333333333,0.703223073928743,86,0.011627906976744186
Kromme Rijn,0,735,1.1428571428571428,0.6477502756312957,44,0.022727272727272728
Kromme Rijn,0,750,2.238095238095238,0.8970421866805846,76,0.013157894736842105
Kromme Rijn,0,765,10.904761904761905,5.7958357215945755,62,0.12903225806451613
Kromme Rijn,0,780,6.0,3.084822366402653,148,0.0
Kromme Rijn,0,795,2.3333333333333335,0.9766774128696996,48,0.0
Kromme Rijn,0,810,1.5714285714285714,1.1194627867626024,39,0.02564102564102564
Kromme Rijn,0,825,0.9047619047619048,0.5626394467133723,30,0.06666666666666667
Kromme Rijn,0,840,1.1428571428571428,0.6920066758613097,80,0.0
Kromme Rijn,0,855,1.5,0.7867105445367514,57,0.017543859649122806
Kromme Rijn,0,870,2.4285714285714284,1.3465879966554628,53,0.0
Kromme Rijn,0,885,2.9523809523809526,1.3127991527465848,100,0.01
Kromme Rijn,0,900,4.285714285714286,5.462139236138624,223,0.0
Kromme Rijn,0,915,1.1904761904761905,0.6635691039139964,35,0.0
Kromme Rijn,0,930,1.2380952380952381,0.5619871245485036,35,0.0
Kromme Rijn,0,945,1.5238095238095237,0.7780010234555407,67,0.0
Kromme Rijn,0,960,1.4761904761904763,0.8620117065299153,49,0.02040816326530612
Kromme Rijn,0,975,1.7619047619047619,0.8673778968980478,91,0.0
Kromme Rijn,0,990,2.0952380952380953,1.0647517596791596,106,0.009433962264150943
Kromme Rijn,0,1005,1.8095238095238095,0.7657528800884622,96,0.0
Kromme Rijn,0,1020,1.380952380952381,0.701165276781508,152,0.0
Kromme Rijn,0,1035,1.1904761904761905,0.5730254871776855,27,0.0
Kromme Rijn,0,1050,1.4761904761904763,0.6689668460133343,154,0.0
Kromme Rijn,0,1065,1.45,0.7331100850659448,49,0.0
Kromme Rijn,0,1080,0.9,0.6927592896553647,125,0.008
Kromme Rijn,0,1095,0.65,0.5824605677164107,39,0.0
Kromme Rijn,0,1110,0.5,0.5976143046671968,59,0.01694915254237288
Kromme Rijn,0,1125,0.8421052631578947,1.1672930649220892,121,0.01652892561983471
Kromme Rijn,0,1140,0.8,0.8673247674615618,86,0.0
Kromme Rijn,0,1155,0.2631578947368421,0.6386663736585051,40,0.0
Kromme Rijn,0,1170,0.21052631578947367,0.4188539082916955,45,0.0
Kromme Rijn,0,1185,0.1,0.30079260375911915,19,0.0
Kromme Rijn,0,1200,0.16666666666666666,0.6882472016116853,18,0.0
Kromme Rijn,0,1215,0.21052631578947367,0.7132825035177587,53,0.0
Kromme Rijn,0,1230,0.25,0.6386663736585051,14,0.0
Kromme Rijn,0,1245,0.25,0.6386663736585051,27,0.0
Kromme Rijn,0,1260,0.0,0.0,7,0.0
Kromme Rijn,0,1275,0.15,0.3585685828003181,17,0.0
Kromme Rijn,0,1290,0.0,0.0,7,0.0
Kromme Rijn,1,375,1.3529411764705883,0.8528028654224418,1,0.0
Kromme Rijn,1,390,1.5263157894736843,1.7479827082631845,0,0
Kromme Rijn,1,405,4.2631578947368425,2.7730849247724096,0,0
Kromme Rijn,1,420,3.9473684210526314,1.9733518812058897,29,0.034482758620689655
Kromme Rijn,1,435,3.9473684210526314,1.7988024448755444,0,0
Kromme Rijn,1,450,5.894736842105263,1.8447961783897118,0,0
Kromme Rijn,1,465,8.736842105263158,2.307562860780401,18,0.4444444444444444
Kromme Rijn,1,480,7.578947368421052,2.2381580052746726,192,0.026041666666666668
Kromme Rijn,1,495,10.578947368421053,3.759965114510727,116,0.02586206896551724
Kromme Rijn,1,510,16.894736842105264,5.065084870538963,77,0.11688311688311688
Kromme Rijn,1,525,18.63157894736842,4.947622539402296,52,0.019230769230769232
Kromme Rijn,1,540,6.55,2.69897409266599,0,0
Kromme Rijn,1,555,5.95,2.110755424377363,0,0
Kromme Rijn,1,570,8.35,3.221647982185668,0,0
Kromme Rijn,1,585,5.4,2.0222641367551297,0,0
Kromme Rijn,1,600,6.95,2.148385107652362,57,0.05263157894736842
Kromme Rijn,1,615,18.45,5.0445017523643125,22,0.13636363636363635
Kromme Rijn,1,630,18.3,5.936022543451434,115,0.0782608695652174
Kromme Rijn,1,645,13.68421052631579,4.381512081807062,0,0
Kromme Rijn,1,660,4.5,1.6607353666499542,0,0
Kromme Rijn,1,675,2.6,1.3532314773295184,2,0.0
Kromme Rijn,1,690,2.35,1.0323902015024626,0,0
Kromme Rijn,1,705,2.95,1.3897733553698841,1,0.0
Kromme Rijn,1,720,3.25,1.5446917843548447,70,0.04285714285714286
Kromme Rijn,1,735,7.8,2.4591802633332045,0,0
Kromme Rijn,1,750,12.85,3.777511516060309,0,0
Kromme Rijn,1,765,18.4,4.592639714207229,80,0.0625
Kromme Rijn,1,780,10.7,3.764385795063874,37,0.0
Kromme Rijn,1,795,4.0,1.421524907213712,0,0
Kromme Rijn,1,810,5.6,6.126935960355313,81,0.024691358024691357
Kromme Rijn,1,825,2.65,1.19850911559174,0,0
Kromme Rijn,1,840,2.15,1.1101426533266168,13,0.0
Kromme Rijn,1,855,3.45,1.6068198596785572,2,0.5
Kromme Rijn,1,870,6.05,2.5286929726723697,18,0.0
Kromme Rijn,1,885,7.85,3.1764769548251657,0,0
Kromme Rijn,1,900,4.55,1.7294375731180724,15,0.0
Kromme Rijn,1,915,2.25,0.8545051363994205,0,0
Kromme Rijn,1,930,3.1578947368421053,1.3666729007179619,0,0
Kromme Rijn,1,945,2.25,0.9014595939840684,0,0
Kromme Rijn,1,960,1.2,0.6279858256227593,0,0
Kromme Rijn,1,975,1.75,1.0307975920379437,0,0
Kromme Rijn,1,990,7.7,11.268311799461761,0,0
Kromme Rijn,1,1005,2.8,1.1928301735133224,0,0
Kromme Rijn,1,1020,3.05,1.633733647615113,0,0
Kromme Rijn,1,1035,4.6,1.9444556225925065,0,0
Kromme Rijn,1,1050,3.8,1.780229672563299,7,0.2857142857142857
Kromme Rijn,1,1065,2.3157894736842106,1.4213261649694946,0,0
Kromme Rijn,1,1080,2.3684210526315788,1.3601470508735443,0,0
Kromme Rijn,1,1095,2.6666666666666665,2.4524040683145416,2,0.0
Kromme Rijn,1,1110,2.3157894736842106,2.233937373893053,0,0
Kromme Rijn,1,1125,3.0526315789473686,1.554130811947682,0,0
Kromme Rijn,1,1140,1.3333333333333333,1.0926326710501355,0,0
Kromme Rijn,1,1155,1.8235294117647058,1.296849328880646,0,0
Kromme Rijn,1,1170,1.5625,1.6247171699569563,0,0
Kromme Rijn,1,1185,1.6842105263157894,1.2746040109051064,0,0
Kromme Rijn,1,1200,0.631578947368421,1.1160708020048367,17,0.0
Kromme Rijn,1,1215,0.9473684210526315,1.1192102478745307,0,0
Kromme Rijn,1,1230,0.8235294117647058,1.2366938848016846,0,0
Kromme Rijn,1,1245,0.8947368421052632,0.8135752957807666,0,0
Kromme Rijn,1,1260,0.8947368421052632,1.1969747440993466,0,0
Padualaan,0,360,0.0,0.0,1,0.0
Padualaan,0,375,0.0,0.0,8,0.0
Padualaan,0,390,0.0,0.0,3,0.0
Padualaan,0,405,0.0,0.0,5,0.0
Padualaan,0,420,0.0,0.0,8,0.0
Padualaan,0,435,0.0,0.0,9,0.0
Padualaan,0,450,0.0,0.0,0,0
Padualaan,0,465,0.05,0.1203858530857692,3,0.0
Padualaan,0,480,0.1,0.17812704394997528,0,0
Padualaan,0,495,0.0,0.0,7,0.0
Padualaan,0,510,0.1,0.18102033471939252,2,0.0
Padualaan,0,525,0.1,0.1795562228341584,2,0.0
Padualaan,0,540,0.047619047619047616,0.11704114719613055,15,0.0
Padualaan,0,555,0.047619047619047616,0.1212678125181665,0,0
Padualaan,0,570,0.19047619047619047,0.2933264159665393,6,0.0
Padualaan,0,585,0.19047619047619047,0.22200011100008324,7,0.0
Padualaan,0,600,0.09523809523809523,0.17021393345759914,6,0.0
Padualaan,0,615,0.3333333333333333,0.4311481626164538,15,0.0
Padualaan,0,630,0.6666666666666666,0.5655806974791284,17,0.0
Padualaan,0,645,0.3333333333333333,0.30413462267999425,11,0.0
Padualaan,0,660,0.6,0.7590012728891274,11,0.0
Padualaan,0,675,0.38095238095238093,0.46442885891160945,1,0.0
Padualaan,0,690,0.19047619047619047,0.29124772006249716,1,0.0
Padualaan,0,705,0.2857142857142857,0.26980664452011627,23,0.0
Padualaan,0,720,0.38095238095238093,0.3605272240423099,19,0.0
Padualaan,0,735,0.2857142857142857,0.2917124506190194,26,0.0
Padualaan,0,750,0.6666666666666666,0.5282558840697177,30,0.0
Padualaan,0,765,1.619047619047619,0.7719947248076147,158,0.0
Padualaan,0,780,0.9047619047619048,0.5421237462770252,10,0.0
Padualaan,0,795,0.5238095238095238,0.4228142970910059,40,0.0
Padualaan,0,810,0.3333333333333333,0.3277692049849241,42,0.0
Padualaan,0,825,0.42857142857142855,0.41160235542810464,9,0.0
Padualaan,0,840,0.19047619047619047,0.24043472671155017,38,0.0
Padualaan,0,855,0.47619047619047616,0.39390064135517355,25,0.0
Padualaan,0,870,0.8571428571428571,0.49909374610831037,47,0.0
Padualaan,0,885,1.2857142857142858,0.7770928126270502,36,0.027777777777777776
Padualaan,0,900,0.42857142857142855,0.4044246802977018,15,0.0
Padualaan,0,915,1.0476190476190477,1.1287356934170025,149,0.0
Padualaan,0,930,0.7142857142857143,0.5169071313651422,47,0.0
Padualaan,0,945,0.9523809523809523,0.870595490418201,99,0.0
Padualaan,0,960,0.42857142857142855,0.3801332381841642,41,0.0
Padualaan,0,975,0.6190476190476191,0.47571662395412073,60,0.0
Padualaan,0,990,4.714285714285714,11.834258681918154,84,0.0
Padualaan,0,1005,0.2857142857142857,0.2748228199711542,127,0.007874015748031496
Padualaan,0,1020,0.6666666666666666,0.47791572202498345,102,0.0
Padualaan,0,1035,0.47619047619047616,0.4382631539093745,79,0.012658227848101266
Padualaan,0,1050,0.42857142857142855,0.3661339291216454,52,0.0
Padualaan,0,1065,0.5,0.5298908507659763,2,0.0
Padualaan,0,1080,2.4,6.83625649402141,97,0.0
Padualaan,0,1095,0.1,0.22345586503095896,19,0.0
Padualaan,0,1110,0.2777777777777778,0.910465468000326,32,0.0
Padualaan,0,1125,0.05263157894736842,0.22941573387056177,69,0.0
Padualaan,0,1140,0.1,0.22629428592141426,24,0.0
Padualaan,0,1155,0.3157894736842105,1.03209369308428,14,0.0
Padualaan,0,1170,0.1875,0.48936048492959294,10,0.0
Padualaan,0,1185,0.0,0.0,16,0.0
Padualaan,0,1200,0.0,0.0,9,0.0
Padualaan,0,1215,0.06666666666666667,0.23570226039551584,22,0.0
Padualaan,0,1230,0.0625,0.23570226039551584,5,0.0
Padualaan,0,1245,0.1111111111111111,0.2881040655200304,19,0.05263157894736842
Padualaan,0,1260,0.0,0.0,2,0.0
Padualaan,0,1275,0.16666666666666666,0.44842720314644063,11,0.0
Padualaan,0,1290,0.08333333333333333,0.28867513459481287,4,0.0
Padualaan,1,375,0.17647058823529413,0.3929526239966879,7,0.14285714285714285
Padualaan,1,390,3.789473684210526,1.804755622554715,0,0
Padualaan,1,405,1.736842105263158,1.819209666180292,38,0.10526315789473684
Padualaan,1,420,6.0,2.013380494582474,0,0
Padualaan,1,435,6.631578947368421,3.265403059785598,0,0
Padualaan,1,450,22.0,8.901003811506826,0,0
Padualaan,1,465,55.78947368421053,15.020168590294661,26,0.8076923076923077
Padualaan,1,480,96.05263157894737,18.812350036316275,51,0.8431372549019608
Padualaan,1,495,126.78947368421052,29.826597859119367,253,0.2608695652173913
Padualaan,1,510,140.0,29.08633531335263,108,0.32407407407407407
Padualaan,1,525,209.5,32.5840774720799,113,0.8230088495575221
Padualaan,1,540,164.65,28.181239644208745,0,0
Padualaan,1,555,106.9,22.24066788396843,50,1.18
Padualaan,1,570,126.05,25.262349580082734,2,1.5
Padualaan,1,585,122.7,22.07249618233738,0,0
Padualaan,1,600,95.63157894736842,21.09976788528983,27,1.1851851851851851
Padualaan,1,615,141.95,26.145468308647118,73,0.9315068493150684
Padualaan,1,630,92.7,22.242117540878922,1,1.0
Padualaan,1,645,103.35,20.932963003171956,0,0
Padualaan,1,660,85.15789473684211,15.873177500902434,0,0
Padualaan,1,675,64.5,14.994497088345339,2,5.0
Padualaan,1,690,78.15,17.98092802601652,1,18.0
Padualaan,1,705,77.6,15.706520927913795,1,6.0
Padualaan,1,720,55.05,12.235080825119333,18,1.1666666666666667
Padualaan,1,735,81.6,17.82307414087104,3,9.333333333333334
Padualaan,1,750,85.2,19.59898670136494,3,0.6666666666666666
Padualaan,1,765,104.5,20.034242508969147,52,0.17307692307692307
Padualaan,1,780,85.15,18.348602872267556,0,0
Padualaan,1,795,44.3,9.548056760110308,7,0.5714285714285714
Padualaan,1,810,40.9,9.155574656115377,0,0
Padualaan,1,825,38.25,10.675276973528062,2,5.0
Padualaan,1,840,35.05263157894737,7.689028476428327,12,1.1666666666666667
Padualaan,1,855,28.35,8.354466792358169,0,0
Padualaan,1,870,31.9,10.864063908841139,41,0.4146341463414634
Padualaan,1,885,43.55,11.521511248322481,5,3.4
Padualaan,1,900,32.35,9.149663045455068,3,0.0
Padualaan,1,915,18.3,4.211558259840287,0,0
Padualaan,1,930,16.6,5.227737280236313,3,0.3333333333333333
Padualaan,1,945,20.15,7.523733406021002,2,1.5
Padualaan,1,960,12.55,4.7595077216991415,1,5.0
Padualaan,1,975,8.6,2.946795981634468,0,0
Padualaan,1,990,12.6,4.143179338470483,0,0
Padualaan,1,1005,11.1,3.2108195650817146,0,0
Padualaan,1,1020,8.947368421052632,3.801913393877543,0,0
Padualaan,1,1035,10.1,4.486315272351314,1,0.0
Padualaan,1,1050,7.4,3.4907408627530936,1,4.0
Padualaan,1,1065,7.052631578947368,5.371415161792666,1,2.0
Padualaan,1,1080,6.105263157894737,4.142828165647718,0,0
Padualaan,1,1095,3.7777777777777777,3.5352544060385553,0,0
Padualaan,1,1110,5.111111111111111,7.363574011458174,0,0
Padualaan,1,1125,4.052631578947368,2.7202941017470885,0,0
Padualaan,1,1140,1.6470588235294117,1.8750438591361565,0,0
Padualaan,1,1155,1.7777777777777777,2.083070158815998,0,0
Padualaan,1,1170,1.6666666666666667,3.44707889976085,0,0
Padualaan,1,1185,1.5789473684210527,1.1100711979490905,0,0
Padualaan,1,1200,0.8,0.7608859102526822,0,0
Padualaan,1,1215,1.1428571428571428,1.591644851508443,0,0
Padualaan,1,1230,0.6875,0.6725927091345493,0,0
Padualaan,1,1245,0.9411764705882353,1.0442586798663396,1,4.0
Padualaan,1,1260,0.375,0.5940885257860046,0,0
Padualaan,1,1275,0.25,0.5,0,0
UMC,0,360,0.0,0.0,0,0
UMC,0,375,0,0,0,0
UMC,0,390,0.0,0.0,0,0
UMC,0,405,0.0,0.0,0,0
UMC,0,420,0.0,0.0,1,0.0
UMC,0,435,0.0,0.0,0,0
UMC,0,450,0.1,0.17021393345759914,0,0
UMC,0,465,0.0,0.0,1,0.0
UMC,0,480,0.1,0.25607375986579195,1,0.0
UMC,0,495,0.45,0.6954870331499201,1,0.0
UMC,0,510,0.0,0.0,0,0
UMC,0,525,0.047619047619047616,0.11952286093343938,1,0.0
UMC,0,540,0.14285714285714285,0.2054251408446605,1,0.0
UMC,0,555,0.047619047619047616,0.1212678125181665,1,0.0
UMC,0,570,0.047619047619047616,0.12216944435630521,0,0
UMC,0,585,0.0,0.0,2,0.0
UMC,0,600,0.09523809523809523,0.23249527748763857,0,0
UMC,0,615,0.047619047619047616,0.11952286093343938,1,0.0
UMC,0,630,0.14285714285714285,0.19856948607402852,1,0.0
UMC,0,645,0.09523809523809523,0.17145979772029107,1,0.0
UMC,0,660,0.1,0.16326908396901554,0,0
UMC,0,675,0.047619047619047616,0.1203858530857692,1,0.0
UMC,0,690,0.047619047619047616,0.11704114719613055,0,0
UMC,0,705,0.0,0.0,1,0.0
UMC,0,720,0.0,0.0,0,0
UMC,0,735,0.23809523809523808,0.30817173607175735,0,0
UMC,0,750,0.3333333333333333,0.3317346030940278,0,0
UMC,0,765,0.047619047619047616,0.12216944435630521,2,0.0
UMC,0,780,0.14285714285714285,0.1998858121516967,3,0.3333333333333333
UMC,0,795,0.047619047619047616,0.11704114719613055,0,0
UMC,0,810,0.047619047619047616,0.11624763874381928,0,0
UMC,0,825,0.047619047619047616,0.11867816581938534,0,0
UMC,0,840,0.09523809523809523,0.23904572186687875,2,0.0
UMC,0,855,0.14285714285714285,0.267602789964774,0,0
UMC,0,870,0.09523809523809523,0.23570226039551587,0,0
UMC,0,885,0.047619047619047616,0.11785113019775793,0,0
UMC,0,900,0.09523809523809523,0.17812704394997528,2,0.0
UMC,0,915,0.047619047619047616,0.11785113019775793,0,0
UMC,0,930,0.38095238095238093,0.45830738822372985,0,0
UMC,0,945,0.09523809523809523,0.17812704394997528,0,0
UMC,0,960,0.19047619047619047,0.22915369411186493,1,0.0
UMC,0,975,0.2857142857142857,0.49646638681731176,0,0
UMC,0,990,0.047619047619047616,0.13245323570650439,4,0.0
UMC,0,1005,0.2857142857142857,0.3148196545657348,1,0.0
UMC,0,1020,0.14285714285714285,0.19856948607402852,0,0
UMC,0,1035,0.14285714285714285,0.23763541031440183,1,0.0
UMC,0,1050,1.1904761904761905,2.753848981067465,0,0
UMC,0,1065,0.15,0.31676511180119216,0,0
UMC,0,1080,0.05,0.1690308509457033,1,0.0
UMC,0,1095,0.05263157894736842,0.1856953381770519,1,0.0
UMC,0,1110,0.0,0.0,2,0.0
UMC,0,1125,0.0,0.0,0,0
UMC,0,1140,0.05263157894736842,0.15811388300841897,0,0
UMC,0,1155,0.0,0.0,2,0.0
UMC,0,1170,0.0,0.0,3,0.0
UMC,0,1185,0.0,0.0,1,0.0
UMC,0,1200,0.0,0.0,1,0.0
UMC,0,1215,0.05,0.22360679774997896,0,0
UMC,0,1230,0.0,0.0,0,0
UMC,0,1245,0.0,0.0,0,0
UMC,0,1260,0.0,0.0,0,0
UMC,0,1275,0.05,0.22360679774997896,0,0
UMC,1,375,2.6470588235294117,1.4975470138942315,4,1.5
UMC,1,390,20.736842105263158,4.808657651132704,0,0
UMC,1,405,13.157894736842104,5.356248121530027,0,0
UMC,1,420,20.05263157894737,6.072162205191314,0,0
UMC,1,435,18.36842105263158,5.883000414546221,0,0
UMC,1,450,25.68421052631579,7.60642947929966,0,0
UMC,1,465,38.1578947368421,6.439103475750997,0,0
UMC,1,480,35.68421052631579,7.382344338792924,0,0
UMC,1,495,34.73684210526316,7.252126368094041,57,0.21052631578947367
UMC,1,510,32.63157894736842,8.338015133804506,0,0
UMC,1,525,30.263157894736842,6.703625622842319,0,0
UMC,1,540,25.2,5.189940642335685,0,0
UMC,1,555,20.25,4.685429378783179,0,0
UMC,1,570,22.15,4.486375529573302,0,0
UMC,1,585,17.45,4.519241432313959,0,0
UMC,1,600,13.15,2.7760525322283693,0,0
UMC,1,615,18.7,4.319951618014024,0,0
UMC,1,630,16.4,4.496241960618954,0,0
UMC,1,645,12.85,2.667252706278032,0,0
UMC,1,660,6.578947368421052,1.8113183919288984,0,0
UMC,1,675,6.95,1.790023361772266,0,0
UMC,1,690,6.9,1.8951539229330137,0,0
UMC,1,705,5.9,1.8896232512346667,0,0
UMC,1,720,5.5,1.9624236647164226,0,0
UMC,1,735,8.1,2.163885777095154,0,0
UMC,1,750,11.25,2.8176095179149887,0,0
UMC,1,765,10.4,2.97142701930797,0,0
UMC,1,780,14.8,3.2655202535945516,0,0
UMC,1,795,8.95,2.444046598314696,0,0
UMC,1,810,9.3,2.429486333806767,0,0
UMC,1,825,7.05,2.105147809553608,0,0
UMC,1,840,5.7894736842105265,2.716711151469637,0,0
UMC,1,855,5.8,1.930010809540124,1,1.0
UMC,1,870,6.0,1.9018152929374357,0,0
UMC,1,885,7.25,2.4072130896933466,0,0
UMC,1,900,8.65,2.86461357410764,0,0
UMC,1,915,6.45,1.9113734731949916,0,0
UMC,1,930,5.0,1.917960226013936,0,0
UMC,1,945,5.2,1.7241990207585793,0,0
UMC,1,960,4.05,1.4443039797819524,0,0
UMC,1,975,3.9,1.2862561944412862,0,0
UMC,1,990,4.15,1.546242343429834,0,0
UMC,1,1005,3.6,1.3661476666175616,0,0
UMC,1,1020,4.631578947368421,1.5797520686742021,0,0
UMC,1,1035,3.15,1.5885721601288711,0,0
UMC,1,1050,3.25,1.3110110602126894,0,0
UMC,1,1065,2.2222222222222223,1.6044906493658475,0,0
UMC,1,1080,1.7222222222222223,1.2822453843966262,0,0
UMC,1,1095,1.6111111111111112,1.5643293888377885,0,0
UMC,1,1110,2.0555555555555554,1.9269556026896006,0,0
UMC,1,1125,2.4210526315789473,1.865432579772697,0,0
UMC,1,1140,0.7777777777777778,0.98807114368361,0,0
UMC,1,1155,0.8888888888888888,1.676441921552867,0,0
UMC,1,1170,0.631578947368421,1.1647854507156372,0,0
UMC,1,1185,0.5555555555555556,0.6623708763718501,0,0
UMC,1,1200,0.2857142857142857,0.5936168397046637,0,0
UMC,1,1215,0.11764705882352941,0.30779350562554625,0,0
UMC,1,1230,0.5625,0.7998161553463028,0,0
UMC,1,1245,0.2631578947368421,0.5389584311207966,0,0
UMC,1,1260,0.3125,0.5878675320972554,0,0
UMC,1,1275,0.2222222222222222,0.42779263194649864,0,0
Heidelberglaan,0,360,0.0,0.0,0,0
Heidelberglaan,0,375,0.0,0.0,0,0
Heidelberglaan,0,390,0.0,0.0,0,0
Heidelberglaan,0,405,0.05,0.22360679774997896,1,0.0
Heidelberglaan,0,420,0.05,0.1796053020267749,1,1.0
Heidelberglaan,0,435,0.05,0.13867504905630726,1,0.0
Heidelberglaan,0,450,0.0,0.0,6,0.0
Heidelberglaan,0,465,0.0,0.0,3,0.0
Heidelberglaan,0,480,0.0,0.0,1,0.0
Heidelberglaan,0,495,0.1,0.1727334068350122,2,0.0
Heidelberglaan,0,510,0.2,0.31172927556284774,0,0
Heidelberglaan,0,525,0.047619047619047616,0.12309149097933274,0,0
Heidelberglaan,0,540,0.2857142857142857,0.31678206576916956,3,0.3333333333333333
Heidelberglaan,0,555,0.14285714285714285,0.2890966199041016,2,0.0
Heidelberglaan,0,570,0.047619047619047616,0.11704114719613055,1,0.0
Heidelberglaan,0,585,0.5714285714285714,0.4387724790956007,4,0.0
Heidelberglaan,0,600,0.14285714285714285,0.21145103088313014,0,0
Heidelberglaan,0,615,0.25,0.24956101809855233,7,0.14285714285714285
Heidelberglaan,0,630,0.42857142857142855,0.3851612172513432,0,0
Heidelberglaan,0,645,1.0,0.7497994301724007,10,0.0
Heidelberglaan,0,660,0.25,0.26115358224785395,5,0.0
Heidelberglaan,0,675,0.23809523809523808,0.34222378222022665,1,0.0
Heidelberglaan,0,690,0.38095238095238093,0.32250088390476095,6,0.0
Heidelberglaan,0,705,0.2857142857142857,0.26352313834736496,4,0.0
Heidelberglaan,0,720,0.6666666666666666,0.6291528696058958,2,0.0
Heidelberglaan,0,735,0.6190476190476191,0.518997281354951,4,0.0
Heidelberglaan,0,750,0.5238095238095238,0.4760322747532216,0,0
Heidelberglaan,0,765,0.9523809523809523,0.6365778729503405,6,0.0
Heidelberglaan,0,780,0.5238095238095238,0.40417080209619394,0,0
Heidelberglaan,0,795,0.38095238095238093,0.487671446650544,10,0.0
Heidelberglaan,0,810,0.19047619047619047,0.22915369411186493,1,0.0
Heidelberglaan,0,825,0.47619047619047616,0.47165256317640974,0,0
Heidelberglaan,0,840,0.23809523809523808,0.3168707238463917,5,0.0
Heidelberglaan,0,855,0.47619047619047616,0.4900669663117269,11,0.0
Heidelberglaan,0,870,0.23809523809523808,0.25433830943623054,29,0.034482758620689655
Heidelberglaan,0,885,0.2857142857142857,0.27655744116700276,15,0.0
Heidelberglaan,0,900,0.3333333333333333,0.36961063547728645,11,0.0
Heidelberglaan,0,915,0.5714285714285714,0.5132515075227978,1,0.0
Heidelberglaan,0,930,0.3333333333333333,0.32973414855699845,0,0
Heidelberglaan,0,945,0.47619047619047616,0.5302095347963975,15,0.0
Heidelberglaan,0,960,0.5714285714285714,0.3818115387869978,12,0.0
Heidelberglaan,0,975,0.47619047619047616,0.34420145122091544,0,0
Heidelberglaan,0,990,0.6190476190476191,0.5078508224985542,16,0.0625
Heidelberglaan,0,1005,0.23809523809523808,0.2435886759231116,34,0.0
Heidelberglaan,0,1020,0.5714285714285714,0.4837513258571414,23,0.0
Heidelberglaan,0,1035,0.23809523809523808,0.3451895771251562,2,0.0
Heidelberglaan,0,1050,6.857142857142857,13.300047709255944,14,0.0
Heidelberglaan,0,1065,0.25,0.3058388709205983,0,0
Heidelberglaan,0,1080,0.10526315789473684,0.24593468841898236,10,0.0
Heidelberglaan,0,1095,0.1,0.24593468841898236,2,0.5
Heidelberglaan,0,1110,0.05,0.18257418583505536,4,0.0
Heidelberglaan,0,1125,0.08333333333333333,0.2773500981126146,4,0.0
Heidelberglaan,0,1140,0.05,0.15811388300841897,0,0
Heidelberglaan,0,1155,0.05263157894736842,0.1856953381770519,8,0.0
Heidelberglaan,0,1170,0.0,0.0,4,0.0
Heidelberglaan,0,1185,0.05555555555555555,0.23570226039551584,5,0.0
Heidelberglaan,0,1200,0.0,0.0,2,0.0
Heidelberglaan,0,1215,0.0,0.0,6,0.0
Heidelberglaan,0,1230,0.0,0.0,2,0.0
Heidelberglaan,0,1245,0.0,0.0,0,0
Heidelberglaan,0,1260,0.05,0.19611613513818404,3,0.0
Heidelberglaan,0,1275,0.0,0.0,2,0.0
Heidelberglaan,0,1290,0.0,0.0,3,0.0
Heidelberglaan,1,375,0.35294117647058826,0.701888209634219,6,0.3333333333333333
Heidelberglaan,1,390,8.052631578947368,2.342783891791209,0,0
Heidelberglaan,1,405,6.7894736842105265,3.281204709832364,0,0
Heidelberglaan,1,420,9.631578947368421,3.014698292881304,0,0
Heidelberglaan,1,435,22.68421052631579,7.2368880756584755,0,0
Heidelberglaan,1,450,59.473684210526315,15.70724400155208,0,0
Heidelberglaan,1,465,79.47368421052632,15.15401389813215,0,0
Heidelberglaan,1,480,96.6842105263158,19.102678659539045,0,0
Heidelberglaan,1,495,145.3684210526316,33.848035159030786,1,5.0
Heidelberglaan,1,510,175.3684210526316,35.576400061379175,33,2.090909090909091
Heidelberglaan,1,525,199.47368421052633,34.37997256632416,0,0
Heidelberglaan,1,540,139.15,28.865859544143532,0,0
Heidelberglaan,1,555,92.65,21.091607249120134,0,0
Heidelberglaan,1,570,135.7,21.566784811978977,0,0
Heidelberglaan,1,585,108.9,25.653512264627377,0,0
Heidelberglaan,1,600,74.5,15.940831817932809,0,0
Heidelberglaan,1,615,156.4,31.97510804120254,0,0
Heidelberglaan,1,630,144.95,31.54302617061337,0,0
Heidelberglaan,1,645,130.35,25.475543023883137,0,0
Heidelberglaan,1,660,86.78947368421052,17.24074289483479,10,2.0
Heidelberglaan,1,675,59.9,14.707817021072874,0,0
Heidelberglaan,1,690,63.9,14.911117738957865,0,0
Heidelberglaan,1,705,65.05,14.41840670229922,0,0
Heidelberglaan,1,720,63.55,11.462680089135814,0,0
Heidelberglaan,1,735,81.25,17.252509044280526,0,0
Heidelberglaan,1,750,97.35,20.414361460652003,47,1.1063829787234043
Heidelberglaan,1,765,114.2,24.67214834273971,0,0
Heidelberglaan,1,780,129.05,24.99034018607378,4,2.5
Heidelberglaan,1,795,64.25,12.429621695590559,2,14.0
Heidelberglaan,1,810,48.75,11.164956336681303,0,0
Heidelberglaan,1,825,43.75,9.693412489747903,0,0
Heidelberglaan,1,840,35.05263157894737,8.668646128472858,4,0.25
Heidelberglaan,1,855,38.4,8.888430446608433,0,0
Heidelberglaan,1,870,41.85,10.924760117810989,8,1.375
Heidelberglaan,1,885,47.75,10.53531859286217,0,0
Heidelberglaan,1,900,56.1,13.38311220560047,0,0
Heidelberglaan,1,915,25.8,6.237099361939348,0,0
Heidelberglaan,1,930,18.9,4.532974550562183,0,0
Heidelberglaan,1,945,20.5,5.664686599952412,0,0
Heidelberglaan,1,960,14.9,4.694489156258478,0,0
Heidelberglaan,1,975,11.6,3.4245178353122334,0,0
Heidelberglaan,1,990,18.15,4.2798043410349615,1,1.0
Heidelberglaan,1,1005,18.15,4.397166069691301,0,0
Heidelberglaan,1,1020,12.947368421052632,3.797983060082723,0,0
Heidelberglaan,1,1035,20.25,5.145081367017643,0,0
Heidelberglaan,1,1050,15.25,4.606027378933848,0,0
Heidelberglaan,1,1065,17.055555555555557,5.1308124276123594,0,0
Heidelberglaan,1,1080,15.11111111111111,5.504818825631803,0,0
Heidelberglaan,1,1095,13.944444444444445,6.62686838675589,0,0
Heidelberglaan,1,1110,11.555555555555555,6.2046011977718445,0,0
Heidelberglaan,1,1125,19.05263157894737,6.192156573464776,0,0
Heidelberglaan,1,1140,7.235294117647059,4.542488209582842,0,0
Heidelberglaan,1,1155,7.5,4.133791878423205,0,0
Heidelberglaan,1,1170,6.555555555555555,3.6335401991838436,0,0
Heidelberglaan,1,1185,6.2105263157894735,2.3187640385918242,0,0
Heidelberglaan,1,1200,5.928571428571429,2.6898502035702765,0,0
Heidelberglaan,1,1215,5.6875,3.5463101654358553,1,2.0
Heidelberglaan,1,1230,4.5,2.336052836975837,0,0
Heidelberglaan,1,1245,5.875,2.429235635081741,0,0
Heidelberglaan,1,1260,4.8,1.521898968587677,0,0
Heidelberglaan,1,1275,3.0,1.927248223318863,0,0
Galgenwaard,0,375,0.0,0.0,8,0.0
Galgenwaard,0,390,0.05555555555555555,0.22941573387056177,2,0.0
Galgenwaard,0,405,0.6,0.5253191132035963,6,0.16666666666666666
Galgenwaard,0,420,0.25,0.5501196042201808,1,0.0
Galgenwaard,0,435,0.8,0.5453768398418634,4,0.0
Galgenwaard,0,450,2.85,1.0177004891982149,3,0.0
Galgenwaard,0,465,3.25,1.205670305878314,2,0.0
Galgenwaard,0,480,4.4,1.5853900272366854,0,0
Galgenwaard,0,495,6.75,2.810392336444462,10,0.4
Galgenwaard,0,510,7.3,2.2050196827335204,9,0.4444444444444444
Galgenwaard,0,525,4.052631578947368,1.7222391288816468,1,0.0
Galgenwaard,0,540,3.8,1.824223666757934,2,0.5
Galgenwaard,0,555,4.142857142857143,1.5078126424736307,5,0.0
Galgenwaard,0,570,2.3,0.9497161598676341,2,0.0
Galgenwaard,0,585,3.857142857142857,1.600506081934667,11,0.0
Galgenwaard,0,600,2.1904761904761907,0.892361448183241,4,0.0
Galgenwaard,0,615,3.0476190476190474,1.5958178515684724,25,0.04
Galgenwaard,0,630,5.095238095238095,1.9265003266991494,16,0.4375
Galgenwaard,0,645,3.238095238095238,1.1391308298957796,39,0.07692307692307693
Galgenwaard,0,660,6.0476190476190474,1.7334661990621967,21,0.14285714285714285
Galgenwaard,0,675,3.25,1.6760894348604414,20,0.0
Galgenwaard,0,690,3.238095238095238,0.9981668178901743,25,0.08
Galgenwaard,0,705,3.761904761904762,1.8170855302949762,15,0.0
Galgenwaard,0,720,5.761904761904762,1.930504298582846,68,0.04411764705882353
Galgenwaard,0,735,4.619047619047619,1.632171530023889,56,0.03571428571428571
Galgenwaard,0,750,7.0,2.0236031772344796,40,0.0
Galgenwaard,0,765,10.666666666666666,2.9766961341064664,60,0.06666666666666667
Galgenwaard,0,780,12.333333333333334,3.286763894989789,50,0.02
Galgenwaard,0,795,6.619047619047619,1.7474715647032266,25,0.08
Galgenwaard,0,810,6.095238095238095,1.7612444412920036,57,0.0
Galgenwaard,0,825,6.380952380952381,2.287331208629615,4,0.0
Galgenwaard,0,840,8.0,3.2574353189987058,53,0.1509433962264151
Galgenwaard,0,855,6.0476190476190474,2.2428569263245315,65,0.015384615384615385
Galgenwaard,0,870,8.142857142857142,2.6737354550598105,53,0.03773584905660377
Galgenwaard,0,885,5.857142857142857,1.8718396789746135,78,0.08974358974358974
Galgenwaard,0,900,5.904761904761905,1.702232696738655,86,0.011627906976744186
Galgenwaard,0,915,5.904761904761905,1.7653175787506772,33,0.0
Galgenwaard,0,930,5.095238095238095,1.4817823768508245,30,0.0
Galgenwaard,0,945,4.380952380952381,1.4430968553086034,10,0.0
Galgenwaard,0,960,6.0,1.5933268579266704,83,0.0
Galgenwaard,0,975,5.285714285714286,1.5584755865415902,69,0.028985507246376812
Galgenwaard,0,990,5.428571428571429,1.5782209563878369,134,0.007462686567164179
Galgenwaard,0,1005,6.666666666666667,1.9047893646660545,44,0.045454545454545456
Galgenwaard,0,1020,5.714285714285714,1.9581787567582454,59,0.0
Galgenwaard,0,1035,5.523809523809524,1.6291112628427855,135,0.014814814814814815
Galgenwaard,0,1050,7.238095238095238,2.2724676283524112,41,0.0
Galgenwaard,0,1065,5.9,2.8496720620169733,58,0.017241379310344827
Galgenwaard,0,1080,3.85,2.0324911828008667,77,0.07792207792207792
Galgenwaard,0,1095,2.7,1.8677891646640323,67,0.014925373134328358
Galgenwaard,0,1110,3.1578947368421053,1.7578245333215399,54,0.0
Galgenwaard,0,1125,2.1,1.9166857359844665,119,0.025210084033613446
Galgenwaard,0,1140,3.3,1.978921178889666,28,0.07142857142857142
Galgenwaard,0,1155,1.263157894736842,0.8909804452658621,42,0.023809523809523808
Galgenwaard,0,1170,1.1578947368421053,1.4629938062729393,49,0.0
Galgenwaard,0,1185,1.05,1.145931016569864,51,0.0196078431372549
Galgenwaard,0,1200,1.0,1.1547005383792515,24,0.0
Galgenwaard,0,1215,0.9,1.020835571068081,54,0.018518518518518517
Galgenwaard,0,1230,0.9,0.9119095061289915,14,0.07142857142857142
Galgenwaard,0,1245,0.55,1.0500626547722611,28,0.0
Galgenwaard,0,1260,0.9,1.8035053587243284,8,0.0
Galgenwaard,0,1275,0.3,0.4701623459816272,19,0.0
Galgenwaard,0,1290,0.4,0.7539370349250519,10,0.1
Galgenwaard,1,375,1.7222222222222223,1.6709141279516748,0,0
Galgenwaard,1,390,4.0,3.0886890422961004,0,0
Galgenwaard,1,405,14.842105263157896,5.456203926753708,0,0
Galgenwaard,1,420,19.31578947368421,6.211309313039415,9,0.7777777777777778
Galgenwaard,1,435,29.210526315789473,8.710029299009872,0,0
Galgenwaard,1,450,30.894736842105264,8.368918557030392,0,0
Galgenwaard,1,465,39.8421052631579,8.266502854559747,35,0.5142857142857142
Galgenwaard,1,480,49.94736842105263,12.60991418329685,1,18.0
Galgenwaard,1,495,48.526315789473685,9.564524801585005,67,0.14925373134328357
Galgenwaard,1,510,29.05263157894737,7.036633261032809,14,0.2857142857142857
Galgenwaard,1,525,25.42105263157895,4.575646234308162,67,0.029850746268656716
Galgenwaard,1,540,18.6,4.747575558557286,0,0
Galgenwaard,1,555,26.55,6.182363559096396,0,0
Galgenwaard,1,570,30.9,8.725890899725467,0,0
Galgenwaard,1,585,30.25,8.879264955718247,0,0
Galgenwaard,1,600,29.7,8.733979714672728,190,0.11052631578947368
Galgenwaard,1,615,10.95,3.111794571824763,0,0
Galgenwaard,1,630,7.6,2.4388568221341034,0,0
Galgenwaard,1,645,8.263157894736842,2.0390088120991052,0,0
Galgenwaard,1,660,6.45,2.2148576490588296,0,0
Galgenwaard,1,675,6.7,2.5584085962673253,0,0
Galgenwaard,1,690,7.6,2.257592045423018,0,0
Galgenwaard,1,705,6.55,3.0467675014336435,36,0.027777777777777776
Galgenwaard,1,720,10.75,3.375525230098234,0,0
Galgenwaard,1,735,9.95,3.039048832345907,0,0
Galgenwaard,1,750,8.3,3.358900346610709,68,0.04411764705882353
Galgenwaard,1,765,10.3,2.947149334705243,233,0.034334763948497854
Galgenwaard,1,780,6.35,2.092865516937837,19,0.0
Galgenwaard,1,795,5.85,1.8797475107645047,0,0
Galgenwaard,1,810,5.8,1.8419709940325182,6,0.0
Galgenwaard,1,825,6.55,1.9994305607566831,7,0.0
Galgenwaard,1,840,3.8,2.133894895367428,0,0
Galgenwaard,1,855,4.0,1.6770350973720145,0,0
Galgenwaard,1,870,3.6,1.265315382781231,0,0
Galgenwaard,1,885,4.15,1.7530136029115653,20,0.05
Galgenwaard,1,900,5.05,2.3550927928822896,0,0
Galgenwaard,1,915,4.25,1.6141840236205416,0,0
Galgenwaard,1,930,3.45,1.6054391818836249,0,0
Galgenwaard,1,945,4.15,1.467729149305618,0,0
Galgenwaard,1,960,4.5,1.3896497155079273,0,0
Galgenwaard,1,975,4.65,1.9519480039440114,6,0.5
Galgenwaard,1,990,5.4,1.7716751953978267,10,0.0
Galgenwaard,1,1005,5.2,1.7203213482797257,0,0
Galgenwaard,1,1020,4.9,2.516210072969491,3,0.0
Galgenwaard,1,1035,8.65,2.9529470258739248,0,0
Galgenwaard,1,1050,4.25,2.4813933435007978,0,0
Galgenwaard,1,1065,7.411764705882353,4.249984187193859,0,0
Galgenwaard,1,1080,5.684210526315789,6.060093331195131,0,0
Galgenwaard,1,1095,4.473684210526316,5.004164932000809,0,0
Galgenwaard,1,1110,6.0,4.755563543407303,0,0
Galgenwaard,1,1125,7.166666666666667,3.770575735787619,0,0
Galgenwaard,1,1140,2.9444444444444446,1.5869661428214334,0,0
Galgenwaard,1,1155,2.235294117647059,1.8817878576304878,0,0
Galgenwaard,1,1170,2.4375,1.465284553774253,0,0
Galgenwaard,1,1185,2.5555555555555554,2.735728518386974,0,0
Galgenwaard,1,1200,1.8421052631578947,2.2425966570210236,0,0
Galgenwaard,1,1215,2.0526315789473686,2.2723870027040904,2,5.0
Galgenwaard,1,1230,1.5,1.5048939771136507,0,0
Galgenwaard,1,1245,1.1578947368421053,1.2523661815266247,0,0
Galgenwaard,1,1260,1.5263157894736843,2.4578314979905804,0,0
Centraal Station,0,375,8.263157894736842,3.1063037209869777,29,0.3103448275862069
Centraal Station,0,390,5.833333333333333,1.6966991126265962,28,0.32142857142857145
Centraal Station,0,405,8.4,2.5334682825055337,12,0.8333333333333334
Centraal Station,0,420,10.0,3.6706517419289884,24,0.5
Centraal Station,0,435,18.68421052631579,4.1459917163240885,88,0.11363636363636363
Centraal Station,0,450,28.75,5.296737662396864,9,0.8888888888888888
Centraal Station,0,465,37.05,6.795481692166599,78,0.23076923076923078
Centraal Station,0,480,35.65,6.42540253829101,79,0.16455696202531644
Centraal Station,0,495,32.31578947368421,6.5808656123485925,13,0.5384615384615384
Centraal Station,0,510,33.526315789473685,6.2028219384406,65,0.015384615384615385
Centraal Station,0,525,25.25,6.597111907636972,73,0.2054794520547945
Centraal Station,0,540,25.285714285714285,6.671251337312544,10,0.4
Centraal Station,0,555,27.666666666666668,6.010788822416712,42,0.09523809523809523
Centraal Station,0,570,21.19047619047619,5.193838805590865,45,0.3333333333333333
Centraal Station,0,585,24.857142857142858,4.924173849645602,13,0.46153846153846156
Centraal Station,0,600,35.61904761904762,7.812899814330907,33,0.21212121212121213
Centraal Station,0,615,32.23809523809524,7.529827871449966,21,0.7142857142857143
Centraal Station,0,630,54.35,9.13024870643957,47,0.3404255319148936
Centraal Station,0,645,71.33333333333333,15.253834088203917,62,0.27419354838709675
Centraal Station,0,660,154.1904761904762,31.18095187505296,41,0.43902439024390244
Centraal Station,0,675,129.15,22.042812057001296,26,0.19230769230769232
Centraal Station,0,690,95.33333333333333,17.579125149609723,23,0.8695652173913043
Centraal Station,0,705,116.85714285714286,22.939865935049536,35,0.42857142857142855
Centraal Station,0,720,142.52380952380952,20.811108560877273,86,0.5581395348837209
Centraal Station,0,735,157.04761904761904,30.732859513005845,97,0.24742268041237114
Centraal Station,0,750,146.47619047619048,26.657115335131092,159,0.4779874213836478
Centraal Station,0,765,225.66666666666666,30.25741763619827,150,0.5266666666666666
Centraal Station,0,780,267.9047619047619,42.37113948831753,148,0.8108108108108109
Centraal Station,0,795,272.0952380952381,40.54311408092479,81,0.5308641975308642
Centraal Station,0,810,189.28571428571428,29.374639510011534,109,0.28440366972477066
Centraal Station,0,825,172.1904761904762,27.048325153024255,67,0.40298507462686567
Centraal Station,0,840,167.38095238095238,30.423938122058043,44,0.5909090909090909
Centraal Station,0,855,197.66666666666666,33.39997984799024,186,0.27956989247311825
Centraal Station,0,870,200.9047619047619,30.312886625511197,127,0.7795275590551181
Centraal Station,0,885,220.0,30.788196496031738,114,0.23684210526315788
Centraal Station,0,900,234.47619047619048,41.82270781392435,85,0.38823529411764707
Centraal Station,0,915,306.14285714285717,46.754977982046945,86,0.8604651162790697
Centraal Station,0,930,320.3333333333333,38.95439610719893,90,0.35555555555555557
Centraal Station,0,945,273.57142857142856,37.2521068088467,84,0.44047619047619047
Centraal Station,0,960,246.14285714285714,41.201906241363126,156,0.44871794871794873
Centraal Station,0,975,318.04761904761904,40.7291181138922,226,0.6858407079646017
Centraal Station,0,990,301.8095238095238,42.69112783013711,136,0.40441176470588236
Centraal Station,0,1005,296.4761904761905,49.896801494651754,187,0.4919786096256685
Centraal Station,0,1020,368.5238095238095,46.16625146497301,143,0.7622377622377622
Centraal Station,0,1035,353.57142857142856,55.21230875865941,104,0.9038461538461539
Centraal Station,0,1050,285.0952380952381,47.98770858708088,21,1.0
Centraal Station,0,1065,261.95,40.92783376654295,135,0.7555555555555555
Centraal Station,0,1080,229.95,42.79029433899101,147,0.6326530612244898
Centraal Station,0,1095,138.89473684210526,34.88944852728866,233,0.3948497854077253
Centraal Station,0,1110,123.2,40.93480260751392,54,0.2777777777777778
Centraal Station,0,1125,106.73684210526316,27.032037187063032,118,0.7457627118644068
Centraal Station,0,1140,97.92307692307692,28.124460779144673,35,1.0
Centraal Station,0,1155,105.15,29.07855214968502,81,0.43209876543209874
Centraal Station,0,1170,50.578947368421055,16.44352434101714,77,0.4025974025974026
Centraal Station,0,1185,44.68421052631579,10.763695594782623,150,0.32666666666666666
Centraal Station,0,1200,43.94444444444444,18.869434425958705,168,0.24404761904761904
Centraal Station,0,1215,42.4,18.357273045967652,182,0.2967032967032967
Centraal Station,0,1230,33.73684210526316,17.536761722048528,103,0.21359223300970873
Centraal Station,0,1245,27.9,9.335798994041317,50,0.4
Centraal Station,0,1260,21.875,12.800390619039717,98,0.22448979591836735
Centraal Station,0,1275,30.45,10.789739489944582,124,0.3709677419354839
Centraal Station,0,1290,24.65,11.62698766255745,70,0.5285714285714286
Centraal Station,1,360,0.0,0.0,0,0
Centraal Station,1,375,0.0,0.0,0,0
Centraal Station,1,390,0.0,0.0,0,0
Centraal Station,1,405,0.0,0.0,0,0
Centraal Station,1,420,0.0,0.0,0,0
Centraal Station,1,435,0.0,0.0,0,0
Centraal Station,1,450,0.0,0.0,0,0
Centraal Station,1,465,0.0,0.0,0,0
Centraal Station,1,480,0.0,0.0,0,0
Centraal Station,1,495,0.0,0.0,0,0
Centraal Station,1,510,0.0,0.0,0,0
Centraal Station,1,525,0.0,0.0,0,0
Centraal Station,1,540,0.0,0.0,0,0
Centraal Station,1,555,0.0,0.0,0,0
Centraal Station,1,570,0.0,0.0,0,0
Centraal Station,1,585,0.0,0.0,0,0
Centraal Station,1,600,0.0,0.0,0,0
Centraal Station,1,615,0.0,0.0,0,0
Centraal Station,1,630,0.0,0.0,0,0
Centraal Station,1,645,0.0,0.0,0,0
Centraal Station,1,660,0.0,0.0,0,0
Centraal Station,1,675,0.0,0.0,0,0
Centraal Station,1,690,0.0,0.0,0,0
Centraal Station,1,705,0.0,0.0,0,0
Centraal Station,1,720,0.0,0.0,0,0
Centraal Station,1,735,0.0,0.0,0,0
Centraal Station,1,750,0.0,0.0,0,0
Centraal Station,1,765,0.0,0.0,0,0
Centraal Station,1,780,0.0,0.0,0,0
Centraal Station,1,795,0.0,0.0,0,0
Centraal Station,1,810,0.0,0.0,0,0
Centraal Station,1,825,0.0,0.0,0,0
Centraal Station,1,840,0.0,0.0,0,0
Centraal Station,1,855,0.0,0.0,0,0
Centraal Station,1,870,0.0,0.0,0,0
Centraal Station,1,885,0.0,0.0,0,0
Centraal Station,1,900,0.0,0.0,0,0
Centraal Station,1,915,0.0,0.0,0,0
Centraal Station,1,930,0.0,0.0,0,0
Centraal Station,1,945,0.0,0.0,0,0
Centraal Station,1,960,0.0,0.0,0,0
Centraal Station,1,975,0.0,0.0,0,0
Centraal Station,1,990,0.0,0.0,0,0
Centraal Station,1,1005,0.0,0.0,0,0
Centraal Station,1,1020,0.0,0.0,0,0
Centraal Station,1,1035,0.0,0.0,0,0
Centraal Station,1,1050,0.0,0.0,0,0
Centraal Station,1,1065,0.0,0.0,0,0
Centraal Station,1,1080,0.0,0.0,0,0
Centraal Station,1,1095,0.0,0.0,0,0
Centraal Station,1,1110,0.0,0.0,0,0
Centraal Station,1,1125,0.0,0.0,0,0
Centraal Station,1,1140,0.0,0.0,0,0
Centraal Station,1,1155,0.0,0.0,0,0
Centraal Station,1,1170,0.0,0.0,0,0
Centraal Station,1,1185,0.0,0.0,0,0
Centraal Station,1,1200,0.0,0.0,0,0
Centraal Station,1,1215,0.0,0.0,0,0
Centraal Station,1,1230,0.0,0.0,0,0
Centraal Station,1,1245,0.0,0.0,0,0
Centraal Station,1,1260,0.0,0.0,0,0